<core:FragmentDefinition
	xmlns:mvc="sap.ui.core.mvc" xmlns="sap.m" xmlns:core="sap.ui.core" xmlns:f="sap.ui.layout.form" xmlns:l="sap.ui.layout" xmlns:form="sap.ui.layout.form">
	 <Dialog id="reportSelectionDialog" title="진단보고서 다운로드" contentWidth="500px" >
    	<content>
    		<IconTabBar id="reportTabBar"
				class="sapUiResponsiveContentPadding">
				<items>
					<IconTabFilter
						icon="sap-icon://download"
						text="진단보고서 선택"
						key="REPORT">
						<VBox>
						<Title text="진단대상자용"></Title>
						<CheckBox text="개인별 역량진단"></CheckBox>
						<CheckBox text="개인별 종합결과 피드백"></CheckBox>
						<CheckBox text="개인별 육성 및 개발 포인트"></CheckBox>
						<CheckBox text="개인별 다면진단"></CheckBox>
						<Title text="HR용"></Title>
						<CheckBox text="개인별 리포트"></CheckBox>
						</VBox>
					</IconTabFilter>
					
				</items>
			</IconTabBar>
		</content>
        <buttons>
        	<Button id="Download" text="다운로드" type="Emphasized" iconFirst="true" width="auto" enabled="true" visible="true" iconDensityAware="false" press="onShareApply"/>
        	<Button text="취소" type="Reject" iconFirst="true" width="auto" enabled="true" visible="true" iconDensityAware="false" press="onShareClose"/>
        </buttons>
        <customHeader/>
	</Dialog>
</core:FragmentDefinition>