<core:FragmentDefinition
	xmlns:mvc="sap.ui.core.mvc" xmlns="sap.m" xmlns:core="sap.ui.core" xmlns:si="sap.suite.ui.commons.statusindicator" xmlns:t="sap.ui.table">
	 <Dialog title="Progress" contentHeight="180px" contentWidth="160px">
    	<content>
    			<!--
    			<FlexBox
						alignItems="Start"
						class="sapUiSmallMargin">
						<items>
					    			<ProgressIndicator
					    			id="uploadIndicator"
									class="sapUiSmallMarginBottom"
									percentValue="0"
									displayValue="0%"
									showValue="true"
									state="Information" />
						</items>
				</FlexBox>			
				-->
				
				<VBox 
					class="sapUiSmallMargin">
					<items>
						<si:StatusIndicator  id="uploadIndicator" width="140px" height="120px" class="sapUiSmallMargin" value="0">
							<si:propertyThresholds>
								<si:PropertyThreshold fillColor="Neutral" toValue="25"/>
								<si:PropertyThreshold fillColor="Critical" toValue="60"/>
								<si:PropertyThreshold fillColor="Good" toValue="100"/>
							</si:propertyThresholds>
							<si:ShapeGroup>
								<si:LibraryShape shapeId="cloud"/>
							</si:ShapeGroup>
						</si:StatusIndicator>
						<Label id="uploadProgressText" text="Uploag Progress (%)" width="140px" textAlign="Center" class="sapUiTinyMargin"/>
					</items>
				</VBox>

		</content>
	</Dialog>
</core:FragmentDefinition>