<core:FragmentDefinition
	xmlns:mvc="sap.ui.core.mvc" xmlns="sap.m" xmlns:core="sap.ui.core" xmlns:si="sap.suite.ui.commons.statusindicator" xmlns:t="sap.ui.table">
	 <Dialog title="{i18n>valueHelpPersaDialog}" contentWidth="240px" contentHeight="400px">
    	<content>
					<t:Table
						id="uploadDataTable"
						visibleRowCount="10"
						rows="{/persa}"
						selectionMode="Single"
						selectionBehavior="RowOnly"
						class="sapUiSmallMargin">
						<t:columns>
							<t:Column hAlign="Center">
								<Label text="{i18n>valueHelpPersaKey}" />
								<t:template>
									<Text text="{PERSA}" wrapping="false" />
								</t:template>
							</t:Column>
							<t:Column hAlign="Center">
								<Label text="{i18n>valueHelpPersaText}" />
								<t:template>
									<Text text="{PERSA_TX}" wrapping="false" />
								</t:template>
							</t:Column>
						</t:columns>
					</t:Table>
		</content>
		<beginButton>
			<Button text="Apply" type="Emphasized" iconFirst="true" width="auto" enabled="true" visible="true" iconDensityAware="false" press="onValueHelpPersaDialogApply"/>
		</beginButton>
		<endButton>
		    <Button text="Cancel" type="Reject" iconFirst="true" width="auto" enabled="true" visible="true" iconDensityAware="false" press="onValueHelpPersaDialogClose"/>
        </endButton>
	</Dialog>
</core:FragmentDefinition>