{
	"xsappname": "bookshop-java-public",
	"tenant-mode": "dedicated",
	"scopes": [
		{
			"name": "$XSAPPNAME.admin",
			"description": "admin"
		}
	],
	"attributes": [
		{
			"name": "businessPartner",
			"description": "S/4 BusinessPartner ID assigned to the user",
			"valueType": "string"
		}
	],
	"role-templates": [
		{
			"name": "admin",
			"description": "generated",
			"scope-references": [
				"$XSAPPNAME.admin"
			],
			"attribute-references": [
				"businessPartner"
			]
		}
	]
}
