<?xml version="1.0" encoding="utf-8"?>
<edmx:Edmx Version="1.0" xmlns:edmx="http://schemas.microsoft.com/ado/2007/06/edmx"
	xmlns:m="http://schemas.microsoft.com/ado/2007/08/dataservices/metadata" xmlns:sap="http://www.sap.com/Protocols/SAPData">
	<edmx:Reference
		Uri="https://webidecp-ornzmdgs0y.dispatcher.jp1.hana.ondemand.com/destinations/CSDCLNT400/sap/opu/odata/IWFND/CATALOGSERVICE;v=2/Vocabularies(TechnicalName='%2FIWBEP%2FVOC_COMMON',Version='0001',SAP__Origin='LOCAL')/$value"
		xmlns:edmx="http://docs.oasis-open.org/odata/ns/edmx"><edmx:Include Namespace="com.sap.vocabularies.Common.v1" Alias="Common"/></edmx:Reference>
	<edmx:Reference
		Uri="https://webidecp-ornzmdgs0y.dispatcher.jp1.hana.ondemand.com/destinations/CSDCLNT400/sap/opu/odata/IWFND/CATALOGSERVICE;v=2/Vocabularies(TechnicalName='%2FIWBEP%2FVOC_CAPABILITIES',Version='0001',SAP__Origin='LOCAL')/$value"
		xmlns:edmx="http://docs.oasis-open.org/odata/ns/edmx"><edmx:Include Namespace="Org.OData.Capabilities.V1" Alias="Capabilities"/></edmx:Reference>
	<edmx:Reference
		Uri="https://webidecp-ornzmdgs0y.dispatcher.jp1.hana.ondemand.com/destinations/CSDCLNT400/sap/opu/odata/IWFND/CATALOGSERVICE;v=2/Vocabularies(TechnicalName='%2FIWBEP%2FVOC_COMMUNICATION',Version='0001',SAP__Origin='LOCAL')/$value"
		xmlns:edmx="http://docs.oasis-open.org/odata/ns/edmx"><edmx:Include Namespace="com.sap.vocabularies.Communication.v1" Alias="Communication"/></edmx:Reference>
	<edmx:Reference
		Uri="https://webidecp-ornzmdgs0y.dispatcher.jp1.hana.ondemand.com/destinations/CSDCLNT400/sap/opu/odata/IWFND/CATALOGSERVICE;v=2/Vocabularies(TechnicalName='%2FIWBEP%2FVOC_AGGREGATION',Version='0001',SAP__Origin='LOCAL')/$value"
		xmlns:edmx="http://docs.oasis-open.org/odata/ns/edmx"><edmx:Include Namespace="Org.OData.Aggregation.V1" Alias="Aggregation"/></edmx:Reference>
	<edmx:Reference
		Uri="https://webidecp-ornzmdgs0y.dispatcher.jp1.hana.ondemand.com/destinations/CSDCLNT400/sap/opu/odata/IWFND/CATALOGSERVICE;v=2/Vocabularies(TechnicalName='%2FIWBEP%2FVOC_PERSONALDATA',Version='0001',SAP__Origin='LOCAL')/$value"
		xmlns:edmx="http://docs.oasis-open.org/odata/ns/edmx"><edmx:Include Namespace="com.sap.vocabularies.PersonalData.v1" Alias="PersonalData"/></edmx:Reference>
	<edmx:Reference
		Uri="https://webidecp-ornzmdgs0y.dispatcher.jp1.hana.ondemand.com/destinations/CSDCLNT400/sap/opu/odata/IWFND/CATALOGSERVICE;v=2/Vocabularies(TechnicalName='%2FIWBEP%2FVOC_VALIDATION',Version='0001',SAP__Origin='LOCAL')/$value"
		xmlns:edmx="http://docs.oasis-open.org/odata/ns/edmx"><edmx:Include Namespace="Org.OData.Validation.V1" Alias="Validation"/></edmx:Reference>
	<edmx:Reference
		Uri="https://webidecp-ornzmdgs0y.dispatcher.jp1.hana.ondemand.com/destinations/CSDCLNT400/sap/opu/odata/IWFND/CATALOGSERVICE;v=2/Vocabularies(TechnicalName='%2FIWBEP%2FVOC_ANALYTICS',Version='0001',SAP__Origin='LOCAL')/$value"
		xmlns:edmx="http://docs.oasis-open.org/odata/ns/edmx"><edmx:Include Namespace="com.sap.vocabularies.Analytics.v1" Alias="Analytics"/></edmx:Reference>
	<edmx:Reference
		Uri="https://webidecp-ornzmdgs0y.dispatcher.jp1.hana.ondemand.com/destinations/CSDCLNT400/sap/opu/odata/IWFND/CATALOGSERVICE;v=2/Vocabularies(TechnicalName='%2FIWBEP%2FVOC_MEASURES',Version='0001',SAP__Origin='LOCAL')/$value"
		xmlns:edmx="http://docs.oasis-open.org/odata/ns/edmx"><edmx:Include Namespace="Org.OData.Measures.V1" Alias="Measures"/></edmx:Reference>
	<edmx:Reference
		Uri="https://webidecp-ornzmdgs0y.dispatcher.jp1.hana.ondemand.com/destinations/CSDCLNT400/sap/opu/odata/IWFND/CATALOGSERVICE;v=2/Vocabularies(TechnicalName='%2FIWBEP%2FVOC_UI',Version='0001',SAP__Origin='LOCAL')/$value"
		xmlns:edmx="http://docs.oasis-open.org/odata/ns/edmx"><edmx:Include Namespace="com.sap.vocabularies.UI.v1" Alias="UI"/></edmx:Reference>
	<edmx:DataServices m:DataServiceVersion="2.0">
		<Schema Namespace="ZEXFP0010_ODATA_SRV" xml:lang="ko" sap:schema-version="1" xmlns="http://schemas.microsoft.com/ado/2008/09/edm">
			<EntityType Name="zexcva0110_ddlType" sap:label="Shipment data for fiori" sap:content-version="1">
				<Key><PropertyRef Name="seq"/><PropertyRef Name="tor_id"/></Key><Property Name="seq" Type="Edm.String" Nullable="false" MaxLength="1" sap:label="Seq"/><Property Name="tor_id" Type="Edm.String" Nullable="false" MaxLength="20" sap:display-format="UpperCase" sap:label="S/R FB No"
					sap:quickinfo="문서"/><Property Name="blnum" Type="Edm.String" MaxLength="35" sap:display-format="UpperCase" sap:label="B/L No" sap:quickinfo="선하 증권"/><Property Name="ztor_id" Type="Edm.String" MaxLength="20" sap:display-format="UpperCase" sap:label="S/R No" sap:quickinfo="[EX] S/R No"/><Property Name="zetd" Type="Edm.DateTime" Precision="0" sap:display-format="Date" sap:label="ETD" sap:quickinfo="[EX] ETD"/><Property Name="zsh_date" Type="Edm.DateTime" Precision="0" sap:display-format="Date" sap:label="Shipping date"
					sap:quickinfo="[EX] On-Board Date"/><Property Name="shipping_status" Type="Edm.String" MaxLength="1" sap:label="Shipping status"/><Property Name="zdoc_due_date" Type="Edm.DateTime" Precision="0" sap:display-format="Date" sap:label="Doc. Cut off"
					sap:quickinfo="Doc. Due date"/><Property Name="delay" Type="Edm.String" MaxLength="1" sap:label="Delay"/><Property Name="zlport" Type="Edm.String" MaxLength="20" sap:display-format="UpperCase" sap:label="POL" sap:quickinfo="L.Port"/><Property Name="zdport" Type="Edm.String" MaxLength="20" sap:display-format="UpperCase" sap:label="POD" sap:quickinfo="D.Port"/><Property Name="zfdest" Type="Edm.String" MaxLength="30" sap:display-format="UpperCase" sap:label="F.Dest (SR)" sap:quickinfo="[EX] F.Dest"/><Property Name="zzzonecd" Type="Edm.String" MaxLength="1" sap:display-format="UpperCase" sap:label="Zone" sap:quickinfo="Zone Code"/><Property Name="erp_bukrs" Type="Edm.String" MaxLength="4" sap:display-format="UpperCase" sap:label="Company Code" sap:quickinfo="회사 코드"/><Property Name="butxt" Type="Edm.String" MaxLength="25" sap:label="Company Name" sap:quickinfo="회사 코드 또는 회사 이름"/><Property Name="zaunit" Type="Edm.String" MaxLength="3" sap:display-format="UpperCase" sap:label="AU" sap:quickinfo="[EX] Account Unit"/><Property Name="zsrc_type" Type="Edm.String" MaxLength="4" sap:display-format="UpperCase" sap:label="Source Type"
					sap:quickinfo="[EX] Source Type"/><Property Name="whstatus" Type="Edm.String" MaxLength="1" sap:label="W/H Status"/><Property Name="zcc_status" Type="Edm.String" MaxLength="1" sap:label="C/C Status"/><Property Name="conf_status" Type="Edm.String" MaxLength="1" sap:label="Booking Status"/><Property Name="srcreate" Type="Edm.String" MaxLength="1" sap:label="S/R Create"/><Property Name="srsend" Type="Edm.String" MaxLength="1" sap:label="S/R Send"/><Property Name="chblrec" Type="Edm.String" MaxLength="1" sap:label="Check B/L Received"/><Property Name="blinforec" Type="Edm.String" MaxLength="1" sap:label="B/L Info Received"/><Property Name="shipconf" Type="Edm.String" MaxLength="1" sap:label="Ship confirm"/><Property Name="zbl_type" Type="Edm.String" MaxLength="1" sap:display-format="UpperCase" sap:label="B/L Type"
					sap:quickinfo="[EX] B/L Category"/><Property Name="port_door" Type="Edm.String" MaxLength="1" sap:display-format="UpperCase" sap:label="Port/Door"/><Property Name="mot" Type="Edm.String" MaxLength="2" sap:display-format="UpperCase" sap:label="Trans Mode" sap:quickinfo="운송 방식"/><Property Name="inc_class_code" Type="Edm.String" MaxLength="3" sap:display-format="UpperCase" sap:label="Incoterms" sap:quickinfo="인코텀스"/><Property Name="tspid" Type="Edm.String" MaxLength="10" sap:display-format="UpperCase" sap:label="Carrier" sap:quickinfo="운송업체"/><Property Name="tspexecid" Type="Edm.String" MaxLength="10" sap:display-format="UpperCase" sap:label="Excute Carrier"
					sap:quickinfo="실제 운송업체"/><Property Name="sr_user" Type="Edm.String" MaxLength="10" sap:label="Shipping P.I.C."/><Property Name="nego_user" Type="Edm.String" MaxLength="10" sap:label="Nego P.I.C."/><Property Name="erp_kunag" Type="Edm.String" MaxLength="10" sap:display-format="UpperCase" sap:label="Sold to party" sap:quickinfo="판매처"/><Property Name="bl_receive_method" Type="Edm.String" MaxLength="1" sap:label="Auto/Manual"/><Property Name="zlatest_shipment_date" Type="Edm.DateTime" Precision="0" sap:display-format="Date" sap:label="S/D"
					sap:quickinfo="Latest Shipment Date"/><Property Name="net_wei_val" Type="Edm.Decimal" Precision="15" Scale="3" sap:label="N/W"/><Property Name="gro_wei_val" Type="Edm.Decimal" Precision="15" Scale="3" sap:label="G/W"/><Property Name="chargeabl_weight" Type="Edm.Decimal" Precision="15" Scale="3" sap:label="C/W"/><Property Name="gro_wei_uni" Type="Edm.String" MaxLength="3" sap:label="UoM" sap:quickinfo="총 중량 단위" sap:semantics="unit-of-measure"/><Property Name="gro_vol_val" Type="Edm.Decimal" Precision="15" Scale="3" sap:label="CBM"/><Property Name="gro_vol_uni" Type="Edm.String" MaxLength="3" sap:label="UoM" sap:quickinfo="총 부피 단위" sap:semantics="unit-of-measure"/><Property Name="twft" Type="Edm.Byte" sap:label="20FT"/><Property Name="twrf" Type="Edm.Byte" sap:label="20RF"/><Property Name="twot" Type="Edm.Byte" sap:label="20OT"/><Property Name="foft" Type="Edm.Byte" sap:label="40FT"/><Property Name="fohc" Type="Edm.Byte" sap:label="40HC"/><Property Name="forf" Type="Edm.Byte" sap:label="40RF"/><Property Name="foot" Type="Edm.Byte" sap:label="40OT"/><Property Name="package_tco" Type="Edm.Int32" sap:label="LCL"/><Property Name="zzfdest" Type="Edm.String" MaxLength="30" sap:display-format="UpperCase" sap:label="F.Dest (SO)"
					sap:quickinfo="Final Destination"/><Property Name="wadat_ist" Type="Edm.DateTime" Precision="0" sap:display-format="Date" sap:label="WHSH Date" sap:quickinfo="실제 자재 이동일"/><Property Name="zex_cnfdt" Type="Edm.DateTime" Precision="0" sap:display-format="Date" sap:label="CC Date" sap:quickinfo="[EX] Confirm Date"/><Property Name="etdcobd" Type="Edm.String" MaxLength="1"/><Property Name="fdestcnt" Type="Edm.String" MaxLength="1"/><Property Name="ncc" Type="Edm.String" MaxLength="1"/><Property Name="ndeliv" Type="Edm.String" MaxLength="1"/><Property Name="shipdelay" Type="Edm.String" MaxLength="1"/><Property Name="sdmima" Type="Edm.String" MaxLength="1"/></EntityType>
			<EntityContainer Name="ZEXFP0010_ODATA_SRV_Entities" m:IsDefaultEntityContainer="true" sap:message-scope-supported="true"
				sap:supported-formats="atom json xlsx"><EntitySet Name="zexcva0110_ddl" EntityType="ZEXFP0010_ODATA_SRV.zexcva0110_ddlType" sap:creatable="false" sap:updatable="false"
				sap:deletable="false" sap:content-version="1"/></EntityContainer>
			<Annotations Target="ZEXFP0010_ODATA_SRV.ZEXFP0010_ODATA_SRV_Entities" xmlns="http://docs.oasis-open.org/odata/ns/edm"><Annotation Term="Common.ApplyMultiUnitBehaviorForSortingAndFiltering" Bool="true"/>
				<Annotation Term="Aggregation.ApplySupported">
					<Record>
						<PropertyValue Property="Transformations">
							<Collection>
								<String>aggregate</String>
								<String>groupby</String>
								<String>filter</String>
							</Collection>
						</PropertyValue><PropertyValue Property="Rollup" EnumMember="None"/></Record>
				</Annotation>
			</Annotations><atom:link rel="self"
				href="https://webidecp-ornzmdgs0y.dispatcher.jp1.hana.ondemand.com/destinations/CSDCLNT400/sap/opu/odata/sap/ZEXFP0010_ODATA_SRV/$metadata"
				xmlns:atom="http://www.w3.org/2005/Atom"/><atom:link rel="latest-version"
				href="https://webidecp-ornzmdgs0y.dispatcher.jp1.hana.ondemand.com/destinations/CSDCLNT400/sap/opu/odata/sap/ZEXFP0010_ODATA_SRV/$metadata"
				xmlns:atom="http://www.w3.org/2005/Atom"/></Schema>
	</edmx:DataServices>
</edmx:Edmx>