<?xml version="1.0" encoding="utf-8"?>
<edmx:Edmx Version="4.0" xmlns:edmx="http://docs.oasis-open.org/odata/ns/edmx">
  <edmx:Reference Uri="https://oasis-tcs.github.io/odata-vocabularies/vocabularies/Org.OData.Capabilities.V1.xml">
    <edmx:Include Alias="Capabilities" Namespace="Org.OData.Capabilities.V1"/>
  </edmx:Reference>
  <edmx:Reference Uri="https://sap.github.io/odata-vocabularies/vocabularies/Common.xml">
    <edmx:Include Alias="Common" Namespace="com.sap.vocabularies.Common.v1"/>
  </edmx:Reference>
  <edmx:Reference Uri="https://oasis-tcs.github.io/odata-vocabularies/vocabularies/Org.OData.Core.V1.xml">
    <edmx:Include Alias="Core" Namespace="Org.OData.Core.V1"/>
  </edmx:Reference>
  <edmx:Reference Uri="https://oasis-tcs.github.io/odata-vocabularies/vocabularies/Org.OData.Measures.V1.xml">
    <edmx:Include Alias="Measures" Namespace="Org.OData.Measures.V1"/>
  </edmx:Reference>
  <edmx:Reference Uri="https://sap.github.io/odata-vocabularies/vocabularies/UI.xml">
    <edmx:Include Alias="UI" Namespace="com.sap.vocabularies.UI.v1"/>
  </edmx:Reference>
  <edmx:Reference Uri="https://oasis-tcs.github.io/odata-vocabularies/vocabularies/Org.OData.Validation.V1.xml">
    <edmx:Include Alias="Validation" Namespace="Org.OData.Validation.V1"/>
  </edmx:Reference>
  <edmx:DataServices>
    <Schema Namespace="CatalogService" xmlns="http://docs.oasis-open.org/odata/ns/edm">
      <EntityContainer Name="EntityContainer">
        <EntitySet Name="Authors" EntityType="CatalogService.Authors">
          <NavigationPropertyBinding Path="books" Target="Books"/>
        </EntitySet>
        <EntitySet Name="Books" EntityType="CatalogService.Books">
          <NavigationPropertyBinding Path="author" Target="Authors"/>
          <NavigationPropertyBinding Path="genre" Target="Genres"/>
          <NavigationPropertyBinding Path="currency" Target="Currencies"/>
          <NavigationPropertyBinding Path="reviews" Target="Reviews"/>
          <NavigationPropertyBinding Path="texts" Target="Books_texts"/>
          <NavigationPropertyBinding Path="localized" Target="Books_texts"/>
        </EntitySet>
        <EntitySet Name="Books_texts" EntityType="CatalogService.Books_texts"/>
        <EntitySet Name="Currencies" EntityType="CatalogService.Currencies">
          <NavigationPropertyBinding Path="texts" Target="Currencies_texts"/>
          <NavigationPropertyBinding Path="localized" Target="Currencies_texts"/>
        </EntitySet>
        <EntitySet Name="Currencies_texts" EntityType="CatalogService.Currencies_texts"/>
        <EntitySet Name="Genres" EntityType="CatalogService.Genres">
          <NavigationPropertyBinding Path="parent" Target="Genres"/>
          <NavigationPropertyBinding Path="children" Target="Genres"/>
          <NavigationPropertyBinding Path="texts" Target="Genres_texts"/>
          <NavigationPropertyBinding Path="localized" Target="Genres_texts"/>
        </EntitySet>
        <EntitySet Name="Genres_texts" EntityType="CatalogService.Genres_texts"/>
        <EntitySet Name="Reviews" EntityType="CatalogService.Reviews">
          <NavigationPropertyBinding Path="book" Target="Books"/>
        </EntitySet>
        <ActionImport Name="submitOrder" Action="CatalogService.submitOrder"/>
      </EntityContainer>
      <EntityType Name="Authors">
        <Key>
          <PropertyRef Name="ID"/>
        </Key>
        <Property Name="ID" Type="Edm.Guid" Nullable="false"/>
        <Property Name="createdAt" Type="Edm.DateTimeOffset" Precision="7"/>
        <Property Name="createdBy" Type="Edm.String" MaxLength="255"/>
        <Property Name="modifiedAt" Type="Edm.DateTimeOffset" Precision="7"/>
        <Property Name="modifiedBy" Type="Edm.String" MaxLength="255"/>
        <Property Name="name" Type="Edm.String" MaxLength="111"/>
        <Property Name="dateOfBirth" Type="Edm.Date"/>
        <Property Name="dateOfDeath" Type="Edm.Date"/>
        <Property Name="placeOfBirth" Type="Edm.String"/>
        <Property Name="placeOfDeath" Type="Edm.String"/>
        <NavigationProperty Name="books" Type="Collection(CatalogService.Books)" Partner="author"/>
      </EntityType>
      <EntityType Name="Books">
        <Key>
          <PropertyRef Name="ID"/>
        </Key>
        <Property Name="ID" Type="Edm.Guid" Nullable="false"/>
        <Property Name="createdAt" Type="Edm.DateTimeOffset" Precision="7"/>
        <Property Name="modifiedAt" Type="Edm.DateTimeOffset" Precision="7"/>
        <Property Name="title" Type="Edm.String" MaxLength="111"/>
        <Property Name="descr" Type="Edm.String" MaxLength="1111"/>
        <NavigationProperty Name="author" Type="CatalogService.Authors" Partner="books">
          <ReferentialConstraint Property="author_ID" ReferencedProperty="ID"/>
        </NavigationProperty>
        <NavigationProperty Name="genre" Type="CatalogService.Genres">
          <ReferentialConstraint Property="genre_ID" ReferencedProperty="ID"/>
        </NavigationProperty>
        <Property Name="stock" Type="Edm.Int32"/>
        <Property Name="price" Type="Edm.Decimal" Scale="2" Precision="9"/>
        <NavigationProperty Name="currency" Type="CatalogService.Currencies">
          <ReferentialConstraint Property="currency_code" ReferencedProperty="code"/>
        </NavigationProperty>
        <Property Name="rating" Type="Edm.Decimal" Scale="1" Precision="2"/>
        <NavigationProperty Name="reviews" Type="Collection(CatalogService.Reviews)" Partner="book"/>
        <Property Name="isReviewable" Type="Edm.Boolean" Nullable="false"/>
        <NavigationProperty Name="texts" Type="Collection(CatalogService.Books_texts)">
          <OnDelete Action="Cascade"/>
        </NavigationProperty>
        <NavigationProperty Name="localized" Type="CatalogService.Books_texts"/>
        <Property Name="author_ID" Type="Edm.Guid"/>
        <Property Name="genre_ID" Type="Edm.Int32"/>
        <Property Name="currency_code" Type="Edm.String" MaxLength="3"/>
      </EntityType>
      <EntityType Name="Books_texts">
        <Key>
          <PropertyRef Name="ID_texts"/>
        </Key>
        <Property Name="ID_texts" Type="Edm.Guid" Nullable="false"/>
        <Property Name="locale" Type="Edm.String" MaxLength="14"/>
        <Property Name="ID" Type="Edm.Guid"/>
        <Property Name="title" Type="Edm.String" MaxLength="111"/>
        <Property Name="descr" Type="Edm.String" MaxLength="1111"/>
      </EntityType>
      <EntityType Name="Currencies">
        <Key>
          <PropertyRef Name="code"/>
        </Key>
        <Property Name="name" Type="Edm.String" MaxLength="255"/>
        <Property Name="descr" Type="Edm.String" MaxLength="1000"/>
        <Property Name="code" Type="Edm.String" MaxLength="3" Nullable="false"/>
        <Property Name="symbol" Type="Edm.String" MaxLength="5"/>
        <NavigationProperty Name="texts" Type="Collection(CatalogService.Currencies_texts)">
          <OnDelete Action="Cascade"/>
        </NavigationProperty>
        <NavigationProperty Name="localized" Type="CatalogService.Currencies_texts">
          <ReferentialConstraint Property="code" ReferencedProperty="code"/>
        </NavigationProperty>
      </EntityType>
      <EntityType Name="Currencies_texts">
        <Key>
          <PropertyRef Name="locale"/>
          <PropertyRef Name="code"/>
        </Key>
        <Property Name="locale" Type="Edm.String" MaxLength="14" Nullable="false"/>
        <Property Name="name" Type="Edm.String" MaxLength="255"/>
        <Property Name="descr" Type="Edm.String" MaxLength="1000"/>
        <Property Name="code" Type="Edm.String" MaxLength="3" Nullable="false"/>
      </EntityType>
      <EntityType Name="Genres">
        <Key>
          <PropertyRef Name="ID"/>
        </Key>
        <Property Name="name" Type="Edm.String" MaxLength="255"/>
        <Property Name="descr" Type="Edm.String" MaxLength="1000"/>
        <Property Name="ID" Type="Edm.Int32" Nullable="false"/>
        <NavigationProperty Name="parent" Type="CatalogService.Genres" Partner="children">
          <ReferentialConstraint Property="parent_ID" ReferencedProperty="ID"/>
        </NavigationProperty>
        <NavigationProperty Name="children" Type="Collection(CatalogService.Genres)" Partner="parent">
          <OnDelete Action="Cascade"/>
        </NavigationProperty>
        <NavigationProperty Name="texts" Type="Collection(CatalogService.Genres_texts)">
          <OnDelete Action="Cascade"/>
        </NavigationProperty>
        <NavigationProperty Name="localized" Type="CatalogService.Genres_texts">
          <ReferentialConstraint Property="ID" ReferencedProperty="ID"/>
        </NavigationProperty>
        <Property Name="parent_ID" Type="Edm.Int32"/>
      </EntityType>
      <EntityType Name="Genres_texts">
        <Key>
          <PropertyRef Name="locale"/>
          <PropertyRef Name="ID"/>
        </Key>
        <Property Name="locale" Type="Edm.String" MaxLength="14" Nullable="false"/>
        <Property Name="name" Type="Edm.String" MaxLength="255"/>
        <Property Name="descr" Type="Edm.String" MaxLength="1000"/>
        <Property Name="ID" Type="Edm.Int32" Nullable="false"/>
      </EntityType>
      <EntityType Name="Reviews">
        <Key>
          <PropertyRef Name="ID"/>
        </Key>
        <Property Name="ID" Type="Edm.Guid" Nullable="false"/>
        <Property Name="createdAt" Type="Edm.DateTimeOffset" Precision="7"/>
        <Property Name="createdBy" Type="Edm.String" MaxLength="255"/>
        <Property Name="modifiedAt" Type="Edm.DateTimeOffset" Precision="7"/>
        <Property Name="modifiedBy" Type="Edm.String" MaxLength="255"/>
        <NavigationProperty Name="book" Type="CatalogService.Books" Partner="reviews">
          <ReferentialConstraint Property="book_ID" ReferencedProperty="ID"/>
        </NavigationProperty>
        <Property Name="rating" Type="Edm.Int32"/>
        <Property Name="title" Type="Edm.String" MaxLength="111"/>
        <Property Name="text" Type="Edm.String" MaxLength="1111"/>
        <Property Name="book_ID" Type="Edm.Guid"/>
      </EntityType>
      <ComplexType Name="return_CatalogService_submitOrder">
        <Property Name="stock" Type="Edm.Int32"/>
      </ComplexType>
      <Action Name="addReview" IsBound="true">
        <Parameter Name="_it" Type="CatalogService.Books"/>
        <Parameter Name="rating" Type="Edm.Int32"/>
        <Parameter Name="title" Type="Edm.String"/>
        <Parameter Name="text" Type="Edm.String"/>
        <ReturnType Type="CatalogService.Reviews"/>
      </Action>
      <Action Name="submitOrder" IsBound="false">
        <Parameter Name="book" Type="Edm.Guid"/>
        <Parameter Name="amount" Type="Edm.Int32"/>
        <ReturnType Type="CatalogService.return_CatalogService_submitOrder"/>
      </Action>
      <Annotations Target="CatalogService.Authors">
        <Annotation Term="Common.SemanticKey">
          <Collection>
            <PropertyPath>name</PropertyPath>
          </Collection>
        </Annotation>
        <Annotation Term="UI.Facets">
          <Collection>
            <Record Type="UI.ReferenceFacet">
              <PropertyValue Property="Target" AnnotationPath="books/@UI.LineItem"/>
            </Record>
          </Collection>
        </Annotation>
        <Annotation Term="UI.HeaderInfo">
          <Record Type="UI.HeaderInfoType">
            <PropertyValue Property="Description">
              <Record Type="UI.DataField">
                <PropertyValue Property="Value" Path="dateOfBirth"/>
              </Record>
            </PropertyValue>
            <PropertyValue Property="Title">
              <Record Type="UI.DataField">
                <PropertyValue Property="Value" Path="name"/>
              </Record>
            </PropertyValue>
            <PropertyValue Property="TypeName" String="Author"/>
            <PropertyValue Property="TypeNamePlural" String="Authors"/>
          </Record>
        </Annotation>
        <Annotation Term="UI.Identification">
          <Collection>
            <Record Type="UI.DataField">
              <PropertyValue Property="Value" Path="name"/>
            </Record>
          </Collection>
        </Annotation>
        <Annotation Term="UI.LineItem">
          <Collection>
            <Record Type="UI.DataField">
              <PropertyValue Property="Value" Path="ID"/>
            </Record>
            <Record Type="UI.DataField">
              <PropertyValue Property="Value" Path="name"/>
            </Record>
            <Record Type="UI.DataField">
              <PropertyValue Property="Value" Path="dateOfBirth"/>
            </Record>
            <Record Type="UI.DataField">
              <PropertyValue Property="Value" Path="dateOfDeath"/>
            </Record>
            <Record Type="UI.DataField">
              <PropertyValue Property="Value" Path="placeOfBirth"/>
            </Record>
            <Record Type="UI.DataField">
              <PropertyValue Property="Value" Path="placeOfDeath"/>
            </Record>
          </Collection>
        </Annotation>
        <Annotation Term="UI.SelectionFields">
          <Collection>
            <PropertyPath>name</PropertyPath>
          </Collection>
        </Annotation>
      </Annotations>
      <Annotations Target="CatalogService.EntityContainer/Authors">
        <Annotation Term="Capabilities.DeleteRestrictions">
          <Record Type="Capabilities.DeleteRestrictionsType">
            <PropertyValue Property="Deletable" Bool="false"/>
          </Record>
        </Annotation>
        <Annotation Term="Capabilities.InsertRestrictions">
          <Record Type="Capabilities.InsertRestrictionsType">
            <PropertyValue Property="Insertable" Bool="false"/>
          </Record>
        </Annotation>
        <Annotation Term="Capabilities.UpdateRestrictions">
          <Record Type="Capabilities.UpdateRestrictionsType">
            <PropertyValue Property="Updatable" Bool="false"/>
          </Record>
        </Annotation>
      </Annotations>
      <Annotations Target="CatalogService.Authors/ID">
        <Annotation Term="Common.Label" String="ID"/>
        <Annotation Term="Core.Computed" Bool="true"/>
        <Annotation Term="UI.HiddenFilter" Bool="true"/>
      </Annotations>
      <Annotations Target="CatalogService.Authors/createdAt">
        <Annotation Term="Common.Label" String="Creat pe"/>
        <Annotation Term="Core.Computed" Bool="true"/>
        <Annotation Term="Core.Immutable" Bool="true"/>
        <Annotation Term="UI.HiddenFilter" Bool="true"/>
      </Annotations>
      <Annotations Target="CatalogService.Authors/createdBy">
        <Annotation Term="Common.Label" String="Creat de"/>
        <Annotation Term="Core.Computed" Bool="true"/>
        <Annotation Term="Core.Description" String="ID unic utilizator"/>
        <Annotation Term="Core.Immutable" Bool="true"/>
        <Annotation Term="UI.HiddenFilter" Bool="true"/>
      </Annotations>
      <Annotations Target="CatalogService.Authors/modifiedAt">
        <Annotation Term="Common.Label" String="Modificat pe"/>
        <Annotation Term="Core.Computed" Bool="true"/>
        <Annotation Term="UI.HiddenFilter" Bool="true"/>
      </Annotations>
      <Annotations Target="CatalogService.Authors/modifiedBy">
        <Annotation Term="Common.Label" String="Modificat de"/>
        <Annotation Term="Core.Computed" Bool="true"/>
        <Annotation Term="Core.Description" String="ID unic utilizator"/>
        <Annotation Term="UI.HiddenFilter" Bool="true"/>
      </Annotations>
      <Annotations Target="CatalogService.Authors/name">
        <Annotation Term="Common.Label" String="Nume"/>
        <Annotation Term="Validation.Pattern" String="^\p{Lu}.*"/>
      </Annotations>
      <Annotations Target="CatalogService.Authors/dateOfBirth">
        <Annotation Term="Common.Label" String="DateOfBirth"/>
      </Annotations>
      <Annotations Target="CatalogService.Authors/dateOfDeath">
        <Annotation Term="Common.Label" String="DateOfDeath"/>
      </Annotations>
      <Annotations Target="CatalogService.Authors/placeOfBirth">
        <Annotation Term="Common.Label" String="PlaceOfBirth"/>
      </Annotations>
      <Annotations Target="CatalogService.Authors/placeOfDeath">
        <Annotation Term="Common.Label" String="PlaceOfDeath"/>
      </Annotations>
      <Annotations Target="CatalogService.Books">
        <Annotation Term="Common.SemanticKey">
          <Collection>
            <PropertyPath>title</PropertyPath>
          </Collection>
        </Annotation>
        <Annotation Term="UI.DataPoint" Qualifier="price">
          <Record Type="UI.DataPointType">
            <PropertyValue Property="Title" String="Price"/>
            <PropertyValue Property="Value" Path="price"/>
          </Record>
        </Annotation>
        <Annotation Term="UI.DataPoint" Qualifier="rating">
          <Record Type="UI.DataPointType">
            <PropertyValue Property="MaximumValue" Decimal="5"/>
            <PropertyValue Property="MinimumValue" Decimal="0"/>
            <PropertyValue Property="TargetValue" Int="5"/>
            <PropertyValue Property="Title" String="Rating"/>
            <PropertyValue Property="Value" Path="rating"/>
            <PropertyValue Property="Visualization" EnumMember="UI.VisualizationType/Rating"/>
          </Record>
        </Annotation>
        <Annotation Term="UI.DataPoint" Qualifier="stock">
          <Record Type="UI.DataPointType">
            <PropertyValue Property="Title" String="Stock"/>
            <PropertyValue Property="Value" Path="stock"/>
          </Record>
        </Annotation>
        <Annotation Term="UI.Facets">
          <Collection>
            <Record Type="UI.ReferenceFacet">
              <PropertyValue Property="Label" String="General"/>
              <PropertyValue Property="Target" AnnotationPath="@UI.FieldGroup#General"/>
            </Record>
            <Record Type="UI.ReferenceFacet">
              <PropertyValue Property="Label" String="Descriere"/>
              <PropertyValue Property="Target" AnnotationPath="@UI.FieldGroup#Descr"/>
            </Record>
            <Record Type="UI.ReferenceFacet">
              <PropertyValue Property="Label" String="Reviews"/>
              <PropertyValue Property="Target" AnnotationPath="reviews/@UI.LineItem"/>
            </Record>
          </Collection>
        </Annotation>
        <Annotation Term="UI.FieldGroup" Qualifier="AddReview">
          <Record Type="UI.FieldGroupType">
            <PropertyValue Property="Data">
              <Collection>
                <Record Type="UI.DataFieldForAction">
                  <PropertyValue Property="Label" String="Add Review"/>
                  <PropertyValue Property="Action" String="CatalogService.addReview"/>
                  <PropertyValue Property="InvocationGrouping" EnumMember="UI.OperationGroupingType/ChangeSet"/>
                </Record>
              </Collection>
            </PropertyValue>
          </Record>
        </Annotation>
        <Annotation Term="UI.FieldGroup" Qualifier="Descr">
          <Record Type="UI.FieldGroupType">
            <PropertyValue Property="Data">
              <Collection>
                <Record Type="UI.DataField">
                  <PropertyValue Property="Value" Path="descr"/>
                </Record>
              </Collection>
            </PropertyValue>
          </Record>
        </Annotation>
        <Annotation Term="UI.FieldGroup" Qualifier="General">
          <Record Type="UI.FieldGroupType">
            <PropertyValue Property="Data">
              <Collection>
                <Record Type="UI.DataField">
                  <PropertyValue Property="Value" Path="title"/>
                </Record>
                <Record Type="UI.DataField">
                  <PropertyValue Property="Value" Path="author_ID"/>
                </Record>
                <Record Type="UI.DataField">
                  <PropertyValue Property="Value" Path="genre_ID"/>
                </Record>
              </Collection>
            </PropertyValue>
          </Record>
        </Annotation>
        <Annotation Term="UI.HeaderFacets">
          <Collection>
            <Record Type="UI.ReferenceFacet">
              <PropertyValue Property="Target" AnnotationPath="@UI.DataPoint#rating"/>
            </Record>
            <Record Type="UI.ReferenceFacet">
              <PropertyValue Property="Target" AnnotationPath="@UI.DataPoint#price"/>
            </Record>
          </Collection>
        </Annotation>
        <Annotation Term="UI.HeaderInfo">
          <Record Type="UI.HeaderInfoType">
            <PropertyValue Property="Description">
              <Record Type="UI.DataField">
                <PropertyValue Property="Value" Path="author/name"/>
              </Record>
            </PropertyValue>
            <PropertyValue Property="Title">
              <Record Type="UI.DataField">
                <PropertyValue Property="Value" Path="title"/>
              </Record>
            </PropertyValue>
            <PropertyValue Property="TypeName" String="Book"/>
            <PropertyValue Property="TypeNamePlural" String="Books"/>
          </Record>
        </Annotation>
        <Annotation Term="UI.Identification">
          <Collection>
            <Record Type="UI.DataField">
              <PropertyValue Property="Value" Path="title"/>
            </Record>
            <Record Type="UI.DataFieldForAction">
              <PropertyValue Property="Label" String="Add Review"/>
              <PropertyValue Property="Action" String="CatalogService.addReview"/>
            </Record>
          </Collection>
        </Annotation>
        <Annotation Term="UI.LineItem">
          <Collection>
            <Record Type="UI.DataField">
              <PropertyValue Property="Value" Path="title"/>
            </Record>
            <Record Type="UI.DataField">
              <PropertyValue Property="Value" Path="author/name"/>
              <PropertyValue Property="Label" String="Author"/>
            </Record>
            <Record Type="UI.DataField">
              <PropertyValue Property="Value" Path="genre/name"/>
              <PropertyValue Property="Label" String="Genre"/>
            </Record>
            <Record Type="UI.DataFieldForAnnotation">
              <PropertyValue Property="Target" AnnotationPath="@UI.DataPoint#rating"/>
              <PropertyValue Property="Label" String="Rating"/>
            </Record>
            <Record Type="UI.DataField">
              <PropertyValue Property="Value" Path="price"/>
            </Record>
            <Record Type="UI.DataFieldForAnnotation">
              <PropertyValue Property="Label" String="Add Review"/>
              <PropertyValue Property="Target" AnnotationPath="@UI.FieldGroup#AddReview"/>
            </Record>
          </Collection>
        </Annotation>
        <Annotation Term="UI.PresentationVariant">
          <Record Type="UI.PresentationVariantType">
            <PropertyValue Property="SortOrder">
              <Collection>
                <Record Type="Common.SortOrderType">
                  <PropertyValue Property="Property" PropertyPath="title"/>
                </Record>
              </Collection>
            </PropertyValue>
            <PropertyValue Property="Text" String="Default"/>
            <PropertyValue Property="Visualizations">
              <Collection>
                <AnnotationPath>@UI.LineItem</AnnotationPath>
              </Collection>
            </PropertyValue>
          </Record>
        </Annotation>
        <Annotation Term="UI.SelectionFields">
          <Collection>
            <PropertyPath>author_ID</PropertyPath>
            <PropertyPath>genre_ID</PropertyPath>
          </Collection>
        </Annotation>
      </Annotations>
      <Annotations Target="CatalogService.EntityContainer/Books">
        <Annotation Term="Capabilities.DeleteRestrictions">
          <Record Type="Capabilities.DeleteRestrictionsType">
            <PropertyValue Property="Deletable" Bool="false"/>
          </Record>
        </Annotation>
        <Annotation Term="Capabilities.InsertRestrictions">
          <Record Type="Capabilities.InsertRestrictionsType">
            <PropertyValue Property="Insertable" Bool="false"/>
          </Record>
        </Annotation>
        <Annotation Term="Capabilities.UpdateRestrictions">
          <Record Type="Capabilities.UpdateRestrictionsType">
            <PropertyValue Property="Updatable" Bool="false"/>
          </Record>
        </Annotation>
        <Annotation Term="UI.PresentationVariant">
          <Record Type="UI.PresentationVariantType">
            <PropertyValue Property="SortOrder">
              <Collection>
                <Record Type="Common.SortOrderType">
                  <PropertyValue Property="Property" PropertyPath="title"/>
                </Record>
              </Collection>
            </PropertyValue>
            <PropertyValue Property="Text" String="Default"/>
            <PropertyValue Property="Visualizations">
              <Collection>
                <AnnotationPath>@UI.LineItem</AnnotationPath>
              </Collection>
            </PropertyValue>
          </Record>
        </Annotation>
      </Annotations>
      <Annotations Target="CatalogService.Books/ID">
        <Annotation Term="Common.Label" String="ID"/>
        <Annotation Term="Core.Computed" Bool="true"/>
        <Annotation Term="UI.HiddenFilter" Bool="true"/>
      </Annotations>
      <Annotations Target="CatalogService.Books/createdAt">
        <Annotation Term="Common.Label" String="Creat pe"/>
        <Annotation Term="Core.Computed" Bool="true"/>
        <Annotation Term="Core.Immutable" Bool="true"/>
        <Annotation Term="UI.HiddenFilter" Bool="true"/>
      </Annotations>
      <Annotations Target="CatalogService.Books/modifiedAt">
        <Annotation Term="Common.Label" String="Modificat pe"/>
        <Annotation Term="Core.Computed" Bool="true"/>
        <Annotation Term="UI.HiddenFilter" Bool="true"/>
      </Annotations>
      <Annotations Target="CatalogService.Books/title">
        <Annotation Term="Common.Label" String="Title"/>
      </Annotations>
      <Annotations Target="CatalogService.Books/descr">
        <Annotation Term="Common.Label" String="Descriere"/>
        <Annotation Term="UI.MultiLineText" Bool="true"/>
      </Annotations>
      <Annotations Target="CatalogService.Books/author">
        <Annotation Term="Common.Label" String="Author"/>
      </Annotations>
      <Annotations Target="CatalogService.Books/genre">
        <Annotation Term="Common.Label" String="Genre"/>
      </Annotations>
      <Annotations Target="CatalogService.Books/stock">
        <Annotation Term="Common.Label" String="Stock"/>
      </Annotations>
      <Annotations Target="CatalogService.Books/price">
        <Annotation Term="Common.Label" String="Price"/>
        <Annotation Term="Measures.ISOCurrency" Path="currency_code"/>
      </Annotations>
      <Annotations Target="CatalogService.Books/currency">
        <Annotation Term="Common.Label" String="Monedă"/>
        <Annotation Term="Core.Description" String="Cod monedă așa cum este specificat de ISO 4217"/>
      </Annotations>
      <Annotations Target="CatalogService.Books/isReviewable">
        <Annotation Term="Core.Computed" Bool="true"/>
        <Annotation Term="UI.Hidden" Bool="true"/>
      </Annotations>
      <Annotations Target="CatalogService.Books/author_ID">
        <Annotation Term="Common.Label" String="Author"/>
        <Annotation Term="Common.Text" Path="author/name">
          <Annotation Term="UI.TextArrangement" EnumMember="UI.TextArrangementType/TextOnly"/>
        </Annotation>
        <Annotation Term="Common.ValueList">
          <Record Type="Common.ValueListType">
            <PropertyValue Property="Label" String="Author"/>
            <PropertyValue Property="CollectionPath" String="Authors"/>
            <PropertyValue Property="Parameters">
              <Collection>
                <Record Type="Common.ValueListParameterInOut">
                  <PropertyValue Property="LocalDataProperty" PropertyPath="author_ID"/>
                  <PropertyValue Property="ValueListProperty" String="ID"/>
                </Record>
                <Record Type="Common.ValueListParameterDisplayOnly">
                  <PropertyValue Property="ValueListProperty" String="name"/>
                </Record>
              </Collection>
            </PropertyValue>
          </Record>
        </Annotation>
      </Annotations>
      <Annotations Target="CatalogService.Books/genre_ID">
        <Annotation Term="Common.Label" String="Genre"/>
        <Annotation Term="Common.Text" Path="genre/name">
          <Annotation Term="UI.TextArrangement" EnumMember="UI.TextArrangementType/TextOnly"/>
        </Annotation>
        <Annotation Term="Common.ValueList">
          <Record Type="Common.ValueListType">
            <PropertyValue Property="Label" String="Genre"/>
            <PropertyValue Property="CollectionPath" String="Genres"/>
            <PropertyValue Property="Parameters">
              <Collection>
                <Record Type="Common.ValueListParameterInOut">
                  <PropertyValue Property="LocalDataProperty" PropertyPath="genre_ID"/>
                  <PropertyValue Property="ValueListProperty" String="ID"/>
                </Record>
                <Record Type="Common.ValueListParameterDisplayOnly">
                  <PropertyValue Property="ValueListProperty" String="name"/>
                </Record>
              </Collection>
            </PropertyValue>
          </Record>
        </Annotation>
      </Annotations>
      <Annotations Target="CatalogService.Books/currency_code">
        <Annotation Term="Common.Label" String="Monedă"/>
        <Annotation Term="Common.ValueList">
          <Record Type="Common.ValueListType">
            <PropertyValue Property="Label" String="Monedă"/>
            <PropertyValue Property="CollectionPath" String="Currencies"/>
            <PropertyValue Property="Parameters">
              <Collection>
                <Record Type="Common.ValueListParameterInOut">
                  <PropertyValue Property="LocalDataProperty" PropertyPath="currency_code"/>
                  <PropertyValue Property="ValueListProperty" String="code"/>
                </Record>
                <Record Type="Common.ValueListParameterDisplayOnly">
                  <PropertyValue Property="ValueListProperty" String="name"/>
                </Record>
              </Collection>
            </PropertyValue>
          </Record>
        </Annotation>
        <Annotation Term="Core.Description" String="Cod monedă așa cum este specificat de ISO 4217"/>
      </Annotations>
      <Annotations Target="CatalogService.addReview(CatalogService.Books)">
        <Annotation Term="Common.SideEffects">
          <Record Type="Common.SideEffectsType">
            <PropertyValue Property="TargetEntities">
              <Collection>
                <NavigationPropertyPath>_it</NavigationPropertyPath>
                <NavigationPropertyPath>_it/reviews</NavigationPropertyPath>
              </Collection>
            </PropertyValue>
            <PropertyValue Property="TargetProperties">
              <Collection>
                <String>_it/rating</String>
              </Collection>
            </PropertyValue>
          </Record>
        </Annotation>
        <Annotation Term="Core.OperationAvailable" Path="_it/isReviewable"/>
      </Annotations>
      <Annotations Target="CatalogService.addReview(CatalogService.Books)/rating">
        <Annotation Term="Common.Label" String="Rating"/>
      </Annotations>
      <Annotations Target="CatalogService.addReview(CatalogService.Books)/title">
        <Annotation Term="Common.Label" String="Title"/>
      </Annotations>
      <Annotations Target="CatalogService.addReview(CatalogService.Books)/text">
        <Annotation Term="Common.Label" String="Text"/>
      </Annotations>
      <Annotations Target="CatalogService.Books_texts">
        <Annotation Term="UI.LineItem">
          <Collection>
            <Record Type="UI.DataField">
              <PropertyValue Property="Value" Path="locale"/>
            </Record>
            <Record Type="UI.DataField">
              <PropertyValue Property="Value" Path="title"/>
            </Record>
            <Record Type="UI.DataField">
              <PropertyValue Property="Value" Path="descr"/>
            </Record>
          </Collection>
        </Annotation>
      </Annotations>
      <Annotations Target="CatalogService.Books_texts/ID">
        <Annotation Term="Common.Label" String="ID"/>
        <Annotation Term="Core.Computed" Bool="true"/>
        <Annotation Term="UI.HiddenFilter" Bool="true"/>
      </Annotations>
      <Annotations Target="CatalogService.Books_texts/title">
        <Annotation Term="Common.Label" String="Title"/>
      </Annotations>
      <Annotations Target="CatalogService.Books_texts/descr">
        <Annotation Term="Common.Label" String="Descriere"/>
        <Annotation Term="UI.MultiLineText" Bool="true"/>
      </Annotations>
      <Annotations Target="CatalogService.Currencies">
        <Annotation Term="UI.Identification">
          <Collection>
            <Record Type="UI.DataField">
              <PropertyValue Property="Value" Path="name"/>
            </Record>
          </Collection>
        </Annotation>
      </Annotations>
      <Annotations Target="CatalogService.Currencies/name">
        <Annotation Term="Common.Label" String="Nume"/>
      </Annotations>
      <Annotations Target="CatalogService.Currencies/descr">
        <Annotation Term="Common.Label" String="Descriere"/>
      </Annotations>
      <Annotations Target="CatalogService.Currencies/code">
        <Annotation Term="Common.Label" String="Cod monedă"/>
        <Annotation Term="Common.Text" Path="name"/>
      </Annotations>
      <Annotations Target="CatalogService.Currencies/symbol">
        <Annotation Term="Common.Label" String="Simbol monedă"/>
      </Annotations>
      <Annotations Target="CatalogService.Currencies_texts/name">
        <Annotation Term="Common.Label" String="Nume"/>
      </Annotations>
      <Annotations Target="CatalogService.Currencies_texts/descr">
        <Annotation Term="Common.Label" String="Descriere"/>
      </Annotations>
      <Annotations Target="CatalogService.Currencies_texts/code">
        <Annotation Term="Common.Label" String="Cod monedă"/>
        <Annotation Term="Common.Text" Path="name"/>
      </Annotations>
      <Annotations Target="CatalogService.Genres">
        <Annotation Term="Common.SemanticKey">
          <Collection>
            <PropertyPath>name</PropertyPath>
          </Collection>
        </Annotation>
        <Annotation Term="UI.Facets">
          <Collection>
            <Record Type="UI.ReferenceFacet">
              <PropertyValue Property="Label" String="SubGenres"/>
              <PropertyValue Property="Target" AnnotationPath="children/@UI.LineItem"/>
            </Record>
          </Collection>
        </Annotation>
        <Annotation Term="UI.HeaderInfo">
          <Record Type="UI.HeaderInfoType">
            <PropertyValue Property="Description">
              <Record Type="UI.DataField">
                <PropertyValue Property="Value" Path="ID"/>
              </Record>
            </PropertyValue>
            <PropertyValue Property="Title">
              <Record Type="UI.DataField">
                <PropertyValue Property="Value" Path="name"/>
              </Record>
            </PropertyValue>
            <PropertyValue Property="TypeName" String="Genre"/>
            <PropertyValue Property="TypeNamePlural" String="Genres"/>
          </Record>
        </Annotation>
        <Annotation Term="UI.Identification">
          <Collection>
            <Record Type="UI.DataField">
              <PropertyValue Property="Value" Path="name"/>
            </Record>
          </Collection>
        </Annotation>
        <Annotation Term="UI.LineItem">
          <Collection>
            <Record Type="UI.DataField">
              <PropertyValue Property="Value" Path="name"/>
            </Record>
            <Record Type="UI.DataField">
              <PropertyValue Property="Value" Path="parent/name"/>
              <PropertyValue Property="Label" String="Main Genre"/>
            </Record>
          </Collection>
        </Annotation>
        <Annotation Term="UI.SelectionFields">
          <Collection>
            <PropertyPath>name</PropertyPath>
          </Collection>
        </Annotation>
      </Annotations>
      <Annotations Target="CatalogService.Genres/name">
        <Annotation Term="Common.Label" String="Genre"/>
      </Annotations>
      <Annotations Target="CatalogService.Genres/descr">
        <Annotation Term="Common.Label" String="Descriere"/>
      </Annotations>
      <Annotations Target="CatalogService.Genres/ID">
        <Annotation Term="Common.Label" String="ID"/>
      </Annotations>
      <Annotations Target="CatalogService.Genres/parent_ID">
        <Annotation Term="Common.ValueList">
          <Record Type="Common.ValueListType">
            <PropertyValue Property="Label" String="Genres"/>
            <PropertyValue Property="CollectionPath" String="Genres"/>
            <PropertyValue Property="Parameters">
              <Collection>
                <Record Type="Common.ValueListParameterInOut">
                  <PropertyValue Property="LocalDataProperty" PropertyPath="parent_ID"/>
                  <PropertyValue Property="ValueListProperty" String="ID"/>
                </Record>
                <Record Type="Common.ValueListParameterDisplayOnly">
                  <PropertyValue Property="ValueListProperty" String="name"/>
                </Record>
              </Collection>
            </PropertyValue>
          </Record>
        </Annotation>
      </Annotations>
      <Annotations Target="CatalogService.Genres_texts/name">
        <Annotation Term="Common.Label" String="Genre"/>
      </Annotations>
      <Annotations Target="CatalogService.Genres_texts/descr">
        <Annotation Term="Common.Label" String="Descriere"/>
      </Annotations>
      <Annotations Target="CatalogService.Genres_texts/ID">
        <Annotation Term="Common.Label" String="ID"/>
      </Annotations>
      <Annotations Target="CatalogService.Reviews">
        <Annotation Term="UI.DataPoint" Qualifier="rating">
          <Record Type="UI.DataPointType">
            <PropertyValue Property="MaximumValue" Decimal="5"/>
            <PropertyValue Property="MinimumValue" Decimal="0"/>
            <PropertyValue Property="Value" Path="rating"/>
            <PropertyValue Property="Visualization" EnumMember="UI.VisualizationType/Rating"/>
          </Record>
        </Annotation>
        <Annotation Term="UI.FieldGroup" Qualifier="BookAndAuthor">
          <Record Type="UI.FieldGroupType">
            <PropertyValue Property="Data">
              <Collection>
                <Record Type="UI.DataField">
                  <PropertyValue Property="Value" Path="book/title"/>
                </Record>
                <Record Type="UI.DataField">
                  <PropertyValue Property="Value" Path="book/author/name"/>
                </Record>
              </Collection>
            </PropertyValue>
          </Record>
        </Annotation>
        <Annotation Term="UI.FieldGroup" Qualifier="ReviewerAndDate">
          <Record Type="UI.FieldGroupType">
            <PropertyValue Property="Data">
              <Collection>
                <Record Type="UI.DataField">
                  <PropertyValue Property="Value" Path="createdBy"/>
                </Record>
                <Record Type="UI.DataField">
                  <PropertyValue Property="Value" Path="modifiedAt"/>
                </Record>
              </Collection>
            </PropertyValue>
          </Record>
        </Annotation>
        <Annotation Term="UI.Identification">
          <Collection>
            <Record Type="UI.DataField">
              <PropertyValue Property="Value" Path="ID"/>
              <Annotation Term="UI.Hidden" Bool="true"/>
            </Record>
            <Record Type="UI.DataField">
              <PropertyValue Property="Value" Path="title"/>
            </Record>
          </Collection>
        </Annotation>
        <Annotation Term="UI.LineItem">
          <Collection>
            <Record Type="UI.DataFieldForAnnotation">
              <PropertyValue Property="Label" String="Rating"/>
              <PropertyValue Property="Target" AnnotationPath="@UI.DataPoint#rating"/>
            </Record>
            <Record Type="UI.DataFieldForAnnotation">
              <PropertyValue Property="Label" String="User"/>
              <PropertyValue Property="Target" AnnotationPath="@UI.FieldGroup#ReviewerAndDate"/>
            </Record>
            <Record Type="UI.DataField">
              <PropertyValue Property="Value" Path="title"/>
              <PropertyValue Property="Label" String="Title"/>
            </Record>
            <Record Type="UI.DataField">
              <PropertyValue Property="Value" Path="text"/>
              <PropertyValue Property="Label" String="Text"/>
            </Record>
          </Collection>
        </Annotation>
        <Annotation Term="UI.PresentationVariant">
          <Record Type="UI.PresentationVariantType">
            <PropertyValue Property="SortOrder">
              <Collection>
                <Record Type="Common.SortOrderType">
                  <PropertyValue Property="Property" PropertyPath="modifiedAt"/>
                  <PropertyValue Property="Descending" Bool="true"/>
                </Record>
              </Collection>
            </PropertyValue>
          </Record>
        </Annotation>
        <Annotation Term="UI.SelectionFields">
          <Collection>
            <PropertyPath>book_ID</PropertyPath>
            <PropertyPath>rating</PropertyPath>
          </Collection>
        </Annotation>
      </Annotations>
      <Annotations Target="CatalogService.EntityContainer/Reviews">
        <Annotation Term="Capabilities.DeleteRestrictions">
          <Record Type="Capabilities.DeleteRestrictionsType">
            <PropertyValue Property="Deletable" Bool="false"/>
          </Record>
        </Annotation>
        <Annotation Term="Capabilities.InsertRestrictions">
          <Record Type="Capabilities.InsertRestrictionsType">
            <PropertyValue Property="Insertable" Bool="false"/>
          </Record>
        </Annotation>
        <Annotation Term="Capabilities.UpdateRestrictions">
          <Record Type="Capabilities.UpdateRestrictionsType">
            <PropertyValue Property="Updatable" Bool="false"/>
          </Record>
        </Annotation>
        <Annotation Term="UI.PresentationVariant">
          <Record Type="UI.PresentationVariantType">
            <PropertyValue Property="SortOrder">
              <Collection>
                <Record Type="Common.SortOrderType">
                  <PropertyValue Property="Property" PropertyPath="modifiedAt"/>
                  <PropertyValue Property="Descending" Bool="true"/>
                </Record>
              </Collection>
            </PropertyValue>
          </Record>
        </Annotation>
      </Annotations>
      <Annotations Target="CatalogService.Reviews/ID">
        <Annotation Term="Common.Label" String="ID"/>
        <Annotation Term="Core.Computed" Bool="true"/>
        <Annotation Term="UI.HiddenFilter" Bool="true"/>
      </Annotations>
      <Annotations Target="CatalogService.Reviews/createdAt">
        <Annotation Term="Common.Label" String="Creat pe"/>
        <Annotation Term="Core.Computed" Bool="true"/>
        <Annotation Term="Core.Immutable" Bool="true"/>
        <Annotation Term="UI.HiddenFilter" Bool="true"/>
      </Annotations>
      <Annotations Target="CatalogService.Reviews/createdBy">
        <Annotation Term="Common.Label" String="Creat de"/>
        <Annotation Term="Core.Computed" Bool="true"/>
        <Annotation Term="Core.Description" String="ID unic utilizator"/>
        <Annotation Term="Core.Immutable" Bool="true"/>
        <Annotation Term="UI.HiddenFilter" Bool="true"/>
      </Annotations>
      <Annotations Target="CatalogService.Reviews/modifiedAt">
        <Annotation Term="Common.Label" String="Modificat pe"/>
        <Annotation Term="Core.Computed" Bool="true"/>
        <Annotation Term="UI.HiddenFilter" Bool="true"/>
      </Annotations>
      <Annotations Target="CatalogService.Reviews/modifiedBy">
        <Annotation Term="Common.Label" String="Modificat de"/>
        <Annotation Term="Core.Computed" Bool="true"/>
        <Annotation Term="Core.Description" String="ID unic utilizator"/>
        <Annotation Term="UI.HiddenFilter" Bool="true"/>
      </Annotations>
      <Annotations Target="CatalogService.Reviews/book">
        <Annotation Term="Common.Label" String="Book"/>
      </Annotations>
      <Annotations Target="CatalogService.Reviews/rating">
        <Annotation Term="Common.Label" String="Rating"/>
        <Annotation Term="Validation.AllowedValues">
          <Collection>
            <Record Type="Validation.AllowedValue">
              <Annotation Term="Core.SymbolicName" String="Avg"/>
              <PropertyValue Property="Value" Int="3"/>
            </Record>
            <Record Type="Validation.AllowedValue">
              <Annotation Term="Core.SymbolicName" String="Best"/>
              <PropertyValue Property="Value" Int="5"/>
            </Record>
            <Record Type="Validation.AllowedValue">
              <Annotation Term="Core.SymbolicName" String="Good"/>
              <PropertyValue Property="Value" Int="4"/>
            </Record>
            <Record Type="Validation.AllowedValue">
              <Annotation Term="Core.SymbolicName" String="Poor"/>
              <PropertyValue Property="Value" Int="2"/>
            </Record>
            <Record Type="Validation.AllowedValue">
              <Annotation Term="Core.SymbolicName" String="Worst"/>
              <PropertyValue Property="Value" Int="1"/>
            </Record>
          </Collection>
        </Annotation>
      </Annotations>
      <Annotations Target="CatalogService.Reviews/title">
        <Annotation Term="Common.FieldControl" EnumMember="Common.FieldControlType/Mandatory"/>
        <Annotation Term="Common.Label" String="Title"/>
      </Annotations>
      <Annotations Target="CatalogService.Reviews/text">
        <Annotation Term="Common.Label" String="Text"/>
        <Annotation Term="UI.MultiLineText" Bool="true"/>
      </Annotations>
      <Annotations Target="CatalogService.Reviews/book_ID">
        <Annotation Term="Common.Label" String="Book"/>
        <Annotation Term="Common.Text" Path="book/title">
          <Annotation Term="UI.TextArrangement" EnumMember="UI.TextArrangementType/TextOnly"/>
        </Annotation>
        <Annotation Term="Common.ValueList">
          <Record Type="Common.ValueListType">
            <PropertyValue Property="Label" String="Book"/>
            <PropertyValue Property="CollectionPath" String="Books"/>
            <PropertyValue Property="Parameters">
              <Collection>
                <Record Type="Common.ValueListParameterInOut">
                  <PropertyValue Property="LocalDataProperty" PropertyPath="book_ID"/>
                  <PropertyValue Property="ValueListProperty" String="ID"/>
                </Record>
                <Record Type="Common.ValueListParameterDisplayOnly">
                  <PropertyValue Property="ValueListProperty" String="title"/>
                </Record>
              </Collection>
            </PropertyValue>
          </Record>
        </Annotation>
      </Annotations>
      <Annotations Target="CatalogService.submitOrder()/book">
        <Annotation Term="Common.Label" String="ID"/>
        <Annotation Term="Core.Computed" Bool="true"/>
        <Annotation Term="UI.HiddenFilter" Bool="true"/>
      </Annotations>
    </Schema>
  </edmx:DataServices>
</edmx:Edmx>