{
  "welcomeFile": "/webapp/index.html",
  "routes": [
    {
      "path": "/resources",
      "target": {
        "type": "service",
        "name": "sapui5",
        "entryPath": "/resources",
        "version": "1.71.0"
      },
      "description": "SAPUI5 Resources"
    },
    {
      "path": "/test-resources",
      "target": {
        "type": "service",
        "name": "sapui5",
        "entryPath": "/test-resources",
        "version": "1.71.0"
      },
      "description": "SAPUI5 Test Resources"
    },
    {
      "path": "/services/userapi",
      "target": {
        "type": "service",
        "name": "userapi"
      }
    },
    {
      "path": "/doosan_hanaxs_odata",
      "target": {
        "type": "destination",
        "name": "doosan_hanaxs_odata"
      },
      "description": "SF Doosan Corp - XSJS"
    },
    {
      "path": "/doosan_corehrms_dev_odata",
      "target": {
        "type": "destination",
        "name": "doosan_corehrms_dev_odata"
      },
      "description": "SF Doosan Corp - Core HRMS (on-premise) Dev"
    },
    {
      "path": "/doosan_corehrms_odata",
      "target": {
        "type": "destination",
        "name": "doosan_corehrms_odata"
      },
      "description": "SF Doosan Corp - Core HRMS (on-premise) Production"
    },
    {
      "path": "/doosan_sfs_odata",
      "target": {
        "type": "destination",
        "name": "sap_hcmcloud_core_odata"
      },
      "description": "SF Doosan Corp - SuccessFactors"
    }
  ],
  "sendWelcomeFileRedirect": true
}