{
	"welcomeFile": "index.html",
	"routes": [
		{
			"path": "/resources",
			"target": {
				"type": "application",
				"name": "sapui5preview",
				"entryPath": "/resources"
			},
			"description": "SAPUI5 Resources"
		},
		{
			"path": "/resources",
			"target": {
				"type": "service",
				"name": "sapui5",
				"entryPath": "/resources"
			},
			"description": "SAPUI5 Resources"
		},
		{
			"path": "/test-resources",
			"target": {
				"type": "application",
				"name": "sapui5preview",
				"entryPath": "/test-resources"
			},
			"description": "SAPUI5 Test Resources"
		},
		{
			"path": "/test-resources",
			"target": {
				"type": "service",
				"name": "sapui5",
				"entryPath": "/test-resources"
			},
			"description": "SAPUI5 Test Resources"
		}
	]
}
