{
	"plannedExpenses": 1200000,
	"expenses": 1500000,
	"expensesCritical": 1300000,
	"budget": 1800000,
	"resourceCosts": 0,
	"storageCosts": 0,
	"productionCosts": 0,
	"marketingCosts": 0,
	"expectedProductionTime": 8,
	"currentProductionTime": 6,
	"timeMeasure": "h",
	"productionTimeComparisonCriticality": "Good",
	"shareOwnProduction": 70,
	"year": 2017,
	"temperatureUnit": "�F",
	"currency": "USD",
	"fillLevel": {
		"threshold": 20,
		"measure": "gal",
		"valueBegin": "30",
		"valueEnd": "5",
		"timeBegin": "Aug",
		"timeEnd": "Nov",
		"color": {
			"above": "Good",
			"below": "Error"
		},
		"timeSeries": [
			{
				"time": 0,
				"level": 30
			},
			{
				"time": 1,
				"level": 49
			},
			{
				"time": 2,
				"level": 28
			},
			{
				"time": 2.5,
				"level": 11
			},
			{
				"time": 3,
				"level": 5
			}
		]
	}
}
