{
	"Nodes": [
		{
			"id": "1",
			"lane": "0",
			"title": "Raw material: From stock",
			"titleAbbreviation": "RMS",
			"children": [
				10,
				11
			],
			"state": "Positive",
			"stateText": "Delivered",
			"focused": false,
			"texts": [ "Raw material from stock" ]
		}, {
			"id": "2",
			"lane": "0",
			"title": "Raw material: Purchased",
			"titleAbbreviation": "RMP",
			"children": [
				10,
				11
			],
			"state": "Positive",
			"stateText": "Delivered",
			"focused": false,
			"texts": [ "Raw material from purchase" ]
		}, {
			"id": "3",
			"lane": "0",
			"title": "Spare parts: Purchased",
			"titleAbbreviation": "SPP",
			"children": [ 41 ],
			"state": "Negative",
			"stateText": "Not delivered",
			"focused": true,
			"texts": [ "Spare parts for ice dispenser" ]
		}, {
			"id": "10",
			"lane": "1",
			"title": "Manufacturing: Freezer",
			"titleAbbreviation": "MAF",
			"children": [ 20 ],
			"state": "Positive",
			"stateText": "Finished",
			"focused": false,
			"texts": [
				"Vaporizer",
				"Compressor"
			]
		}, {
			"id": "11",
			"lane": "1",
			"title": "Manufacturing: Electronic parts",
			"titleAbbreviation": "MAE",
			"children": [ 20 ],
			"state": "Positive",
			"stateText": "Finished",
			"focused": false,
			"texts": [
				"Control unit",
				"Cabling"
			]
		}, {
			"id": "12",
			"lane": "1",
			"title": "Manufacturing: Case",
			"titleAbbreviation": "MAC",
			"children": [ 21 ],
			"state": "Positive",
			"stateText": "Finished",
			"focused": false,
			"texts": [
				"Case",
				"Mechanical parts"
			]
		}, {
			"id": "13",
			"lane": "1",
			"title": "Manufacturing: Ice dispenser",
			"titleAbbreviation": "MAID",
			"children": [ 21 ],
			"state": "Negative",
			"stateText": "Not finished",
			"focused": false,
			"texts": []
		}, {
			"id": "20",
			"lane": "2",
			"title": "Assembly: Main unit",
			"titleAbbreviation": "AMU",
			"children": [ 22 ],
			"state": "Positive",
			"stateText": "Finished",
			"focused": false,
			"texts": [
				"Freezer",
				"Electronic parts"
			]
		}, {
			"id": "21",
			"lane": "2",
			"title": "Assembly: Case with dispenser",
			"titleAbbreviation": "ASP",
			"children": [ 22 ],
			"state": "Critical",
			"stateText": "At risk",
			"focused": false,
			"texts": [
				"Assembly ice dispenser",
				"with the case"
			]
		}, {
			"id": "22",
			"lane": "2",
			"title": "Assembly: Final",
			"titleAbbreviation": "ASF",
			"children": [ 41 ],
			"state": "Critical",
			"stateText": "At risk",
			"focused": false,
			"texts": []
		}, {
			"id": "30",
			"lane": "3",
			"title": "Marketing campaign",
			"titleAbbreviation": "MC",
			"children": [ 41 ],
			"state": "Positive",
			"stateText": "Done",
			"focused": false,
			"texts": []
		}, {
			"id": "31",
			"lane": "3",
			"title": "Campaign evaluation",
			"titleAbbreviation": "CE",
			"children": [ 41 ],
			"state": "Neutral",
			"stateText": "Pending",
			"focused": false,
			"texts": [ "Results not completed" ]
		}, {
			"id": "41",
			"lane": "4",
			"title": "Delivery",
			"titleAbbreviation": "DEL",
			"children": [ 51 ],
			"state": "Critical",
			"stateText": "At risk",
			"focused": true,
			"texts": []
		}, {
			"id": "51",
			"lane": "5",
			"title": "Invoice",
			"titleAbbreviation": "INV",
			"children": null,
			"state": "Planned",
			"stateText": null,
			"focused": false,
			"texts": []
		}
	],
	"Lanes": [
		{
			"id": "0",
			"icon": "sap-icon://cart-3",
			"label": "Order",
			"position": 0
		}, {
			"id": "1",
			"icon": "sap-icon://factory",
			"label": "Manufacturing",
			"position": 1
		}, {
			"id": "2",
			"icon": "sap-icon://puzzle",
			"label": "Assembly",
			"position": 2
		}, {
			"id": "3",
			"icon": "sap-icon://marketing-campaign",
			"label": "Marketing",
			"position": 3
		}, {
			"id": "4",
			"icon": "sap-icon://shipping-status",
			"label": "Delivery",
			"position": 4
		}, {
			"id": "5",
			"icon": "sap-icon://payment-approval",
			"label": "Payment",
			"position": 5
		}
	]
}
