{
	"Detail": [{
			"seq": 1,
			"hoc_asso_id" : "A00001",
			"sStatus": "",
			"sDelete": "",
			"emp_no": "510001",
			"emp_nm": "아무개1",
			"org_nm": "시스템운영부",
			"pos_nm": "팀원",
			"auto_trns_account_sta_nm": "200809",
			"sta_ymd": "20170101",
			"end_ymd": "99990101",
			"retire_ymd": "99990101",
			"retire_yn": "",
			"note": ""
		}, {
			"seq": 2,
			"hoc_asso_id" : "A00001",
			"sStatus": "",
			"sDelete": "",
			"emp_no": "510002",
			"emp_nm": "아무개2",
			"org_nm": "시스템운영부",
			"pos_nm": "팀원",
			"auto_trns_account_sta_nm": "200809",
			"sta_ymd": "20170101",
			"end_ymd": "99990101",
			"retire_ymd": "99990101",
			"retire_yn": "",
			"note": ""
		}, {
			"seq": 3,
			"hoc_asso_id" : "A00001",
			"sStatus": "",
			"sDelete": "",
			"emp_no": "510003",
			"emp_nm": "아무개3",
			"org_nm": "시스템운영부",
			"pos_nm": "팀원",
			"auto_trns_account_sta_nm": "200809",
			"sta_ymd": "20170101",
			"end_ymd": "99990101",
			"retire_ymd": "99990101",
			"retire_yn": "",
			"note": ""
		}, {
			"seq": 4,
			"hoc_asso_id" : "A00002",
			"sStatus": "",
			"sDelete": "",
			"emp_no": "510004",
			"emp_nm": "아무개4",
			"org_nm": "시스템운영부",
			"pos_nm": "팀원",
			"auto_trns_account_sta_nm": "200809",
			"sta_ymd": "20170101",
			"end_ymd": "99990101",
			"retire_ymd": "99990101",
			"retire_yn": "",
			"note": ""
		}, {
			"seq": 5,
			"hoc_asso_id" : "A00002",
			"sStatus": "",
			"sDelete": "",
			"emp_no": "510005",
			"emp_nm": "아무개5",
			"org_nm": "시스템운영부",
			"pos_nm": "팀원",
			"auto_trns_account_sta_nm": "200809",
			"sta_ymd": "20170101",
			"end_ymd": "99990101",
			"retire_ymd": "99990101",
			"retire_yn": "",
			"note": ""
		}, {
			"seq": 6,
			"hoc_asso_id" : "A00002",
			"sStatus": "",
			"sDelete": "",
			"emp_no": "510006",
			"emp_nm": "아무개6",
			"org_nm": "시스템운영부",
			"pos_nm": "팀원",
			"auto_trns_account_sta_nm": "200809",
			"sta_ymd": "20170101",
			"end_ymd": "99990101",
			"retire_ymd": "99990101",
			"retire_yn": "",
			"note": ""
		}, {
			"seq": 7,
			"hoc_asso_id" : "A00002",
			"sStatus": "",
			"sDelete": "",
			"emp_no": "510007",
			"emp_nm": "아무개7",
			"org_nm": "개발실",
			"pos_nm": "팀원",
			"auto_trns_account_sta_nm": "200809",
			"sta_ymd": "20170101",
			"end_ymd": "99990101",
			"retire_ymd": "99990101",
			"retire_yn": "",
			"note": ""
		}, {
			"seq": 8,
			"hoc_asso_id" : "A00002",
			"sStatus": "",
			"sDelete": "",
			"emp_no": "510008",
			"emp_nm": "아무개8",
			"org_nm": "개발실",
			"pos_nm": "팀원",
			"auto_trns_account_sta_nm": "200809",
			"sta_ymd": "20170101",
			"end_ymd": "99990101",
			"retire_ymd": "99990101",
			"retire_yn": "",
			"note": ""
		}

	]
}