{
	"gugun": [{
		"key": "01",
		"detkey": "0101",
		"value": "응암합숙소(여)",
		"a01" : "여",
		"a02" : "50%",
		"a03" : "서울시 응암구 1",
		"a04" : "김아무개",
		"a05" : "010-1234-5678",
		"a06" : "업무지원센터",
		"a07" : "이아무개",
		"a08" : "010-1234-5678"
	}, {
		"key": "01",
		"detkey": "0102",
		"value": "성수합숙소(남,여)",
		"a01" : "남,여",
		"a02" : "50%",
		"a03" : "서울시 성수구 1",
		"a04" : "김아무개",
		"a05" : "010-1234-5678",
		"a06" : "업무지원센터",
		"a07" : "이아무개",
		"a08" : "010-1234-5678"
	}, {
		"key": "01",
		"detkey": "0103",
		"value": "용산합숙소(남)",
		"a01" : "남",
		"a02" : "50%",
		"a03" : "서울시 용산구 1",
		"a04" : "김아무개",
		"a05" : "010-1234-5678",
		"a06" : "업무지원센터",
		"a07" : "이아무개",
		"a08" : "010-1234-5678"
	}, {
		"key": "02",
		"detkey": "0201",
		"value": "원주합숙소(여)",
		"a01" : "여",
		"a02" : "50%",
		"a03" : "강원도 원주시 1",
		"a04" : "김아무개",
		"a05" : "010-1234-5678",
		"a06" : "업무지원센터",
		"a07" : "이아무개",
		"a08" : "010-1234-5678"
	}, {
		"key": "02",
		"detkey": "0202",
		"value": "강릉합숙소(여)",
		"a01" : "여",
		"a02" : "50%",
		"a03" : "강원도 강릉시 1",
		"a04" : "김아무개",
		"a05" : "010-1234-5678",
		"a06" : "업무지원센터",
		"a07" : "이아무개",
		"a08" : "010-1234-5678"
	}, {
		"key": "02",
		"detkey": "0203",
		"value": "속초합숙소(여)",
		"a01" : "여",
		"a02" : "50%",
		"a03" : "강원도 속초시 1",
		"a04" : "김아무개",
		"a05" : "010-1234-5678",
		"a06" : "업무지원센터",
		"a07" : "이아무개",
		"a08" : "010-1234-5678"
	}, {
		"key": "03",
		"detkey": "0301",
		"value": "경기/인천합숙소(남,여)",
		"a01" : "남,여",
		"a02" : "50%",
		"a03" : "경기도 의왕시 1",
		"a04" : "김아무개",
		"a05" : "010-1234-5678",
		"a06" : "업무지원센터",
		"a07" : "이아무개",
		"a08" : "010-1234-5678"
	}, {
		"key": "04",
		"detkey": "0401",
		"value": "경남합숙소(남,여)",
		"a01" : "남,여",
		"a02" : "50%",
		"a03" : "경상남도 진주시 1",
		"a04" : "김아무개",
		"a05" : "010-1234-5678",
		"a06" : "업무지원센터",
		"a07" : "이아무개",
		"a08" : "010-1234-5678"
	}, {
		"key": "05",
		"detkey": "0501",
		"value": "제주합숙소(남,여)",
		"a01" : "남,여",
		"a02" : "50%",
		"a03" : "제주도 서귀포시 1",
		"a04" : "김아무개",
		"a05" : "010-1234-5678",
		"a06" : "업무지원센터",
		"a07" : "이아무개",
		"a08" : "010-1234-5678"
	}, {
		"key": "06",
		"detkey": "0601",
		"value": "전남합숙소(남,여)",
		"a01" : "남,여",
		"a02" : "50%",
		"a03" : "전라남도 광주시 1",
		"a04" : "김아무개",
		"a05" : "010-1234-5678",
		"a06" : "업무지원센터",
		"a07" : "이아무개",
		"a08" : "010-1234-5678"
	}]
}