{
	"Invoices": [{
			"seq": 1,
			"hoc_asso_id" : "A00001",
			"asso_nm" : "KB 축구",
			"hometown": "부산",
			"mgr_org_nm": "서부지역",
			"activ_obj": "부산에서 놀기",
			"account_no": "010000000000",
			"chief_emp_no": "1100001",
			"chief_emp_nm": "홍길동1",
			"audi_emp_no": "1200001",
			"audi_emp_nm": "김길동1",
			"secr_emp_no": "1300001",
			"secr_emp_nm": "윤길동1",
			"sta_ymd": "20160101",
			"end_ymd": "99990101",
			"note": "B022"
		}, {
			"seq": 2,
			"hoc_asso_id" : "A00002",
			"asso_nm": "KB 족구",
			"hometown": "서울",
			"mgr_org_nm": "본부부서",
			"activ_obj": "뒷풀이를 위한 모임",
			"account_no": "010000000000",
			"chief_emp_no": "1100002",
			"chief_emp_nm": "홍길동2",
			"audi_emp_no": "1200002",
			"audi_emp_nm": "김길동2",
			"secr_emp_no": "1300002",
			"secr_emp_nm": "윤길동2",
			"sta_ymd": "20160101",
			"end_ymd": "99990101",
			"note": "B022"
		}, {
			"seq": 3,
			"hoc_asso_id" : "A00003",
			"asso_nm": "KB 야구",
			"hometown": "서울",
			"mgr_org_nm": "본부부서",
			"activ_obj": "뒷풀이를 위한 모임",
			"account_no": "010000000000",
			"chief_emp_no": "1100003",
			"chief_emp_nm": "홍길동3",
			"audi_emp_no": "1200003",
			"audi_emp_nm": "김길동3",
			"secr_emp_no": "1300003",
			"secr_emp_nm": "윤길동3",
			"sta_ymd": "20160101",
			"end_ymd": "99990101",
			"note": "B022"
		}, {
			"seq": 4,
			"hoc_asso_id" : "A00004",
			"asso_nm": "KB 핸드볼",
			"hometown": "서울",
			"mgr_org_nm": "본부부서",
			"activ_obj": "뒷풀이를 위한 모임",
			"account_no": "010000000000",
			"chief_emp_no": "1100004",
			"chief_emp_nm": "홍길동4",
			"audi_emp_no": "1200004",
			"audi_emp_nm": "김길동4",
			"secr_emp_no": "1300004",
			"secr_emp_nm": "윤길동4",
			"sta_ymd": "20160101",
			"end_ymd": "99990101",
			"note": "B022"
		}, {
			"seq": 5,
			"hoc_asso_id" : "A00005",
			"asso_nm": "KB 당구",
			"hometown": "서울",
			"mgr_org_nm": "본부부서",
			"activ_obj": "뒷풀이를 위한 모임",
			"account_no": "010000000000",
			"chief_emp_no": "1100005",
			"chief_emp_nm": "홍길동5",
			"audi_emp_no": "1200005",
			"audi_emp_nm": "김길동5",
			"secr_emp_no": "1300005",
			"secr_emp_nm": "윤길동5",
			"sta_ymd": "20160101",
			"end_ymd": "99990101",
			"note": "B022"
		}, {
			"seq": 6,
			"hoc_asso_id" : "A00006",
			"asso_nm": "KB 골프",
			"hometown": "부산",
			"mgr_org_nm": "서부지역",
			"activ_obj": "뒷풀이를 위한 모임",
			"account_no": "010000000000",
			"chief_emp_no": "1100006",
			"chief_emp_nm": "홍길동6",
			"audi_emp_no": "1200006",
			"audi_emp_nm": "김길동6",
			"secr_emp_no": "1300006",
			"secr_emp_nm": "윤길동6",
			"sta_ymd": "20160101",
			"end_ymd": "99990101",
			"note": "B022"
		}, {
			"seq": 7,
			"asso_nm": "KB 테니스",
			"hoc_asso_id" : "A00007",
			"hometown": "부산",
			"mgr_org_nm": "서부지역",
			"activ_obj": "뒷풀이를 위한 모임",
			"account_no": "010000000000",
			"chief_emp_no": "1100007",
			"chief_emp_nm": "홍길동7",
			"audi_emp_no": "1200007",
			"audi_emp_nm": "김길동7",
			"secr_emp_no": "1300007",
			"secr_emp_nm": "윤길동7",
			"sta_ymd": "20160101",
			"end_ymd": "99990101",
			"note": "B022"
		}, {
			"seq": 8,
			"asso_nm": "KB 배드민턴",
			"hoc_asso_id" : "A00008",
			"hometown": "부산",
			"mgr_org_nm": "서부지역",
			"activ_obj": "부산에서",
			"account_no": "010000000000",
			"chief_emp_no": "1100009",
			"chief_emp_nm": "홍길동9",
			"audi_emp_no": "1200009",
			"audi_emp_nm": "김길동9",
			"secr_emp_no": "1300009",
			"secr_emp_nm": "윤길동9",
			"sta_ymd": "20160101",
			"end_ymd": "99990101",
			"note": "B022"
		}, {
			"seq": 9,
			"hoc_asso_id" : "A00009",
			"asso_nm": "KB 헬스",
			"hometown": "부산",
			"mgr_org_nm": "서부지역",
			"activ_obj": "부산에서",
			"account_no": "010000000000",
			"chief_emp_no": "1100010",
			"chief_emp_nm": "홍길동10",
			"audi_emp_no": "1200010",
			"audi_emp_nm": "김길동10",
			"secr_emp_no": "1300010",
			"secr_emp_nm": "윤길동10",
			"sta_ymd": "20160101",
			"end_ymd": "99990101",
			"note": "B022"
		}, {
			"seq": 10,
			"hoc_asso_id" : "A00010",
			"asso_nm": "KB 볼링",
			"hometown": "부산",
			"mgr_org_nm": "서부지역",
			"activ_obj": "부산에서",
			"account_no": "010000000000",
			"chief_emp_no": "1100011",
			"chief_emp_nm": "홍길동11",
			"audi_emp_no": "1200001",
			"audi_emp_nm": "김길동11",
			"secr_emp_no": "130001",
			"secr_emp_nm": "윤길동11",
			"sta_ymd": "20160101",
			"end_ymd": "99990101",
			"note": "B022"
		}, {
			"seq": 11,
			"hoc_asso_id" : "A00011",
			"asso_nm": "KB 발야구",
			"hometown": "부산",
			"mgr_org_nm": "서부지역",
			"activ_obj": "부산에서",
			"account_no": "010000000000",
			"chief_emp_no": "1100012",
			"chief_emp_nm": "홍길동12",
			"audi_emp_no": "1200012",
			"audi_emp_nm": "김길동12",
			"secr_emp_no": "1300012",
			"secr_emp_nm": "윤길동12",
			"sta_ymd": "20160101",
			"end_ymd": "99990101",
			"note": "B022"
		}, {
			"seq": 12,
			"hoc_asso_id" : "A00012",
			"asso_nm": "KB 권투",
			"hometown": "부산",
			"mgr_org_nm": "서부지역",
			"activ_obj": "부산에서",
			"account_no": "010000000000",
			"chief_emp_no": "1100013",
			"chief_emp_nm": "홍길동13",
			"audi_emp_no": "1200013",
			"audi_emp_nm": "김길동13",
			"secr_emp_no": "1300013",
			"secr_emp_nm": "윤길동13",
			"sta_ymd": "20160101",
			"end_ymd": "99990101",
			"note": "B022"
		}, {
			"seq": 13,
			"asso_nm": "KB 킥복싱",
			"hoc_asso_id" : "A00013",
			"hometown": "부산",
			"mgr_org_nm": "서부지역",
			"activ_obj": "부산에서",
			"account_no": "010000000000",
			"chief_emp_no": "1100014",
			"chief_emp_nm": "홍길동14",
			"audi_emp_no": "1200014",
			"audi_emp_nm": "김길동14",
			"secr_emp_no": "1300014",
			"secr_emp_nm": "윤길동14",
			"sta_ymd": "20160101",
			"end_ymd": "99990101",
			"note": "B022"
		}, {
			"seq": 14,
			"hoc_asso_id" : "A00014",
			"asso_nm": "KB 양궁",
			"hometown": "부산",
			"mgr_org_nm": "서부지역",
			"activ_obj": "부산에서",
			"account_no": "010000000000",
			"chief_emp_no": "1100015",
			"chief_emp_nm": "홍길동15",
			"audi_emp_no": "1200015",
			"audi_emp_nm": "김길동15",
			"secr_emp_no": "1300015",
			"secr_emp_nm": "윤길동15",
			"sta_ymd": "20160101",
			"end_ymd": "99990101",
			"note": "B022"
		}, {
			"seq": 15,
			"hoc_asso_id" : "A00015",
			"asso_nm": "KB 태권도",
			"hometown": "부산",
			"mgr_org_nm": "서부지역",
			"activ_obj": "부산에서",
			"account_no": "010000000000",
			"chief_emp_no": "1100016",
			"chief_emp_nm": "홍길동16",
			"audi_emp_no": "1200016",
			"audi_emp_nm": "김길동16",
			"secr_emp_no": "1300016",
			"secr_emp_nm": "윤길동16",
			"sta_ymd": "20160101",
			"end_ymd": "99990101",
			"note": "B022"
		}, {
			"seq": 16,
			"hoc_asso_id" : "A00016",
			"asso_nm": "KB 화투",
			"hometown": "부산",
			"mgr_org_nm": "서부지역",
			"activ_obj": "부산에서",
			"account_no": "010000000000",
			"chief_emp_no": "1100017",
			"chief_emp_nm": "홍길동17",
			"audi_emp_no": "1200017",
			"audi_emp_nm": "김길동17",
			"secr_emp_no": "1300017",
			"secr_emp_nm": "윤길동17",
			"sta_ymd": "20160101",
			"end_ymd": "99990101",
			"note": "B022"
		}

	]
}