{
	"selectedKey": "",
	"navigation": [
		{
			"title": "학습소",
			"icon": "sap-icon://line-chart",
			"expanded": true,
			"key": "statistics",
			"items": [
				{
					"title": "학습소 입퇴소 신청",
					"key": "usageStatistics"
				},
				{
					"title": "학습소 입퇴소 승인",
					"key": "orderStatistics"
				},
				{
					"title": "학습소 입소 현황",
					"key": "orderStatistics"
				},
				{
					"title": "학습소 내역",
					"key": "orderStatistics"
				}
			]
		},
		{
			"title": "장애인 자녀",
			"icon": "sap-icon://line-chart",
			"expanded": true,
			"key": "statistics",
			"items": [
				{
					"title": "생활보조비 신청",
					"key": "usageStatistics"
				},
				{
					"title": "생활보조비 지급내역",
					"key": "orderStatistics"
				}
			]
		},
		{
			"title": "기타",
			"icon": "sap-icon://line-chart",
			"expanded": true,
			"key": "statistics",
			"items": [
				{
					"title": "기타1",
					"key": "sample/member/ajaxList.do"
				},
				{
					"title": "기타2",
					"key": "sample/member/ajaxList.do"
				}
			]
		},
		{
			"title": "동호회회원관리",
			"icon": "sap-icon://customer-financial-fact-sheet",
			"expanded": false,
			"key": "ListTest01"
		},
		{
			"title": "합숙도입퇴소신청",
			"icon": "sap-icon://time-account",
			"expanded": false,
			"key": "M011"
		},{
			"title": "메뉴",
			"icon": "sap-icon://headset",
			"expanded": false,
			"key": "Tree"
		},{
			"title": "Tab",
			"icon": "sap-icon://headset",
			"expanded": false,
			"key": "Tab"
		},{
			"title": "Multi",
			"icon": "sap-icon://headset",
			"expanded": false,
			"key": "Multi"
		}
	]
}