{
  "aa": {
    "clothing": {
      "categories": [
        {"name": "복지후생", "categories": [
              {"name": "공지사항관리", "amount": 16.99, "currency": "https://webidetesting1840082-cg0c0e23j7.dispatcher.ap1.hana.ondemand.com/webapp/index.html", "size": "S"},
              {"name": "급여명세서", "amount": 47.99, "currency": "https://webidetesting1840082-cg0c0e23j7.dispatcher.ap1.hana.ondemand.com/webapp/index.html", "size": "M"},
              {"name": "연장근무신청", "amount": 103.99, "currency": "https://webidetesting1840082-cg0c0e23j7.dispatcher.ap1.hana.ondemand.com/webapp/index.html", "size": "L"}
        ]},
        {"name": "공통", "categories": [
              {"name": "공지사항관리", "amount": 16.99, "currency": "https://webidetesting1840082-cg0c0e23j7.dispatcher.ap1.hana.ondemand.com/webapp/index.html", "size": "S"},
              {"name": "급여명세서", "amount": 47.99, "currency": "https://webidetesting1840082-cg0c0e23j7.dispatcher.ap1.hana.ondemand.com/webapp/index.html", "size": "M"},
              {"name": "연장근무신청", "amount": 103.99, "currency": "https://webidetesting1840082-cg0c0e23j7.dispatcher.ap1.hana.ondemand.com/webapp/index.html", "size": "L"}
        ]},
        {"name": "급여", "categories": [
              {"name": "공지사항관리", "amount": 16.99, "currency": "https://webidetesting1840082-cg0c0e23j7.dispatcher.ap1.hana.ondemand.com/webapp/index.html", "size": "S"},
              {"name": "급여명세서", "amount": 47.99, "currency": "https://webidetesting1840082-cg0c0e23j7.dispatcher.ap1.hana.ondemand.com/webapp/index.html", "size": "M"},
              {"name": "연장근무신청", "amount": 103.99, "currency": "https://webidetesting1840082-cg0c0e23j7.dispatcher.ap1.hana.ondemand.com/webapp/index.html", "size": "L"}
        ]},
        {"name": "근태", "categories": [
              {"name": "공지사항관리", "amount": 16.99, "currency": "https://webidetesting1840082-cg0c0e23j7.dispatcher.ap1.hana.ondemand.com/webapp/index.html", "size": "S"},
              {"name": "급여명세서", "amount": 47.99, "currency": "https://webidetesting1840082-cg0c0e23j7.dispatcher.ap1.hana.ondemand.com/webapp/index.html", "size": "M"},
              {"name": "연장근무신청", "amount": 103.99, "currency": "https://webidetesting1840082-cg0c0e23j7.dispatcher.ap1.hana.ondemand.com/webapp/index.html", "size": "L"}
        ]}
    ]

    }
  }
}