<?xml version="1.0" encoding="UTF-8"?>
<configuration scan="true" scanPeriod="30 seconds">
	<appender name="STDOUT" class="ch.qos.logback.core.ConsoleAppender">

		<!-- encoders are assigned the type ch.qos.logback.classic.encoder.PatternLayoutEncoder 
			by default -->
		<encoder>
			<pattern>%d{HH:mm:ss.SSS} [%thread] %-4level [%logger.%method:%line]- %msg%n</pattern>
		</encoder>

		<filter class="ch.qos.logback.core.filter.EvaluatorFilter">
			<evaluator>
				<expression>return message.contains("NOT_SQL_LOG");</expression>
			</evaluator>
			<OnMismatch>NEUTRAL</OnMismatch>
			<OnMatch>DENY</OnMatch>
		</filter>

	</appender>

	<!-- Application Loggers <logger name="com.hrd.emon"> <level value="debug" 
		/> </logger> -->

	<logger name="com.mirae.life">
		<level value="debug" />
	</logger>


	<!-- Root Logger -->
	<root level="info">
		<appender-ref ref="STDOUT" />
	</root>
</configuration>
