<?xml version="1.0" encoding="UTF-8"?>
<beans xmlns:mvc="http://www.springframework.org/schema/mvc"
	xmlns="http://www.springframework.org/schema/beans"
	xmlns:xsi="http://www.w3.org/2001/XMLSchema-instance" 
	xmlns:beans="http://www.springframework.org/schema/beans"
	xmlns:p="http://www.springframework.org/schema/p"
	xmlns:context="http://www.springframework.org/schema/context"
	xmlns:tx="http://www.springframework.org/schema/tx"
	xsi:schemaLocation="http://www.springframework.org/schema/mvc http://www.springframework.org/schema/mvc/spring-mvc.xsd
				http://www.springframework.org/schema/beans http://www.springframework.org/schema/beans/spring-beans.xsd
				http://www.springframework.org/schema/tx http://www.springframework.org/schema/tx/spring-tx.xsd
				http://www.springframework.org/schema/context http://www.springframework.org/schema/context/spring-context.xsd">
    
	
	<mvc:annotation-driven />
	<tx:annotation-driven proxy-target-class="true"/>

 	<context:component-scan base-package="com.mirae.life">
		<context:include-filter type="annotation" expression="org.springframework.stereotype.Controller"/>
	</context:component-scan>
	
    <bean class="org.springframework.web.servlet.view.UrlBasedViewResolver" 
    	p:order="2"
	    p:viewClass="org.springframework.web.servlet.view.JstlView"
	    p:prefix="/WEB-INF/views/" 
	    p:suffix=".jsp"/>

	<!-- Tiles 뷰 리졸버 -->
	<beans:bean id="tielsViewResolver" class="org.springframework.web.servlet.view.UrlBasedViewResolver">
		<beans:property name="viewClass" value="org.springframework.web.servlet.view.tiles3.TilesView" />
		<beans:property name="order" value="1" />
	</beans:bean>
	
	<!-- Tiles 설정 파일 -->
	<beans:bean id="tilesConfigurer" class="org.springframework.web.servlet.view.tiles3.TilesConfigurer">
		<beans:property name="definitions">
			<beans:list>
				<beans:value>/WEB-INF/spring/tiles-def.xml</beans:value>
			</beans:list>
		</beans:property>
	</beans:bean>

    <!-- json -->
<!-- 	<bean id="beanNameResolver" class="org.springframework.web.servlet.view.BeanNameViewResolver" p:order="0" />
	<bean id="jsonView" class="org.springframework.web.servlet.view.json.MappingJackson2JsonView">
	   <property name="contentType" value="application/json;charset=UTF-8"></property>
	</bean> -->
		
	<!-- Interceptor -->
	<mvc:interceptors>
		<!-- 뒤로가기 정상동작하게 -->
		<bean id="webContentInterceptor" class="org.springframework.web.servlet.mvc.WebContentInterceptor">
        	<property name="cacheSeconds" value="1" />        
    	</bean>
	</mvc:interceptors>

</beans>