<?xml version="1.0" encoding="UTF-8"?>
<!DOCTYPE tiles-definitions PUBLIC
  "-//Apache Software Foundation//DTD Tiles Configuration 3.0//EN"
  "http://tiles.apache.org/dtds/tiles-config_3_0.dtd">

<tiles-definitions>

	<definition name=".calcLayout" template="/WEB-INF/views/layout/pc/calcLayout.jsp">
		<put-attribute name="title" value="/WEB-INF/views/layout/pc/attr/title.jsp" />
		<put-attribute name="header" value="/WEB-INF/views/layout/pc/attr/header.jsp" />
		<put-attribute name="breadcrumb" value="/WEB-INF/views/layout/pc/attr/breadcrumb.jsp" />
		<put-attribute name="contents" value="" />
		<put-attribute name="modal" value="" />
		<put-attribute name="footer" value="/WEB-INF/views/layout/pc/attr/footer.jsp" />
	</definition>

	<definition name=".sampleLayout" template="/WEB-INF/views/layout/pc/sampleLayout.jsp">
		<put-attribute name="title" value="/WEB-INF/views/layout/pc/attr/title.jsp" />
		<put-attribute name="contents" value="" />
	</definition>

	<!-- 보험료계산기 -->
	<definition name="calc/*" extends=".calcLayout">
		<put-attribute name="contents" value="/WEB-INF/views/pc/calc/{1}.jsp" />
		<put-attribute name="modal" value="/WEB-INF/views/pc/calc/calcModal.jsp" />
	</definition>
	
	<!-- /test -->
	<definition name="sample/**" extends=".sampleLayout">
		<put-attribute name="contents" value="/WEB-INF/views/sample/{1}.jsp" />
	</definition>

	
</tiles-definitions>