<core:FragmentDefinition
	xmlns:mvc="sap.ui.core.mvc" xmlns="sap.m" xmlns:core="sap.ui.core" xmlns:si="sap.suite.ui.commons.statusindicator" xmlns:t="sap.ui.table">
	 <Dialog title="{i18n>checkUploadData}" contentHeight="480px">
    	<content>
					<t:Table
						id="uploadDataTable"
						visibleRowCount="10"
						rows="{upload>/data}"
						selectionMode="Single"
						class="sapUiSmallMargin">
						<t:extension>
		                    <OverflowToolbar>
		                        <Title text="{i18n>tobeUploaded}"/>
		                        <ToolbarSpacer/>
		                        <Label text="{i18n>assessee} : "></Label>
		                        <Label text="{upload>/empCnt} {i18n>headCountUnit}" design="Bold"></Label>
		                    </OverflowToolbar>
		                </t:extension>
		                <t:columns>
							<t:Column hAlign="Center">
								<Label text="{i18n>yearAndSeq}" />
								<t:template>
									<Text text="{upload>ASMT_YEAR}" wrapping="false" />
								</t:template>
							</t:Column>
							<t:Column hAlign="Center">
								<Label text="Personnel No." />
								<t:template>
									<Text text="{upload>PERNR}" wrapping="false" />
								</t:template>
							</t:Column>
							<t:Column hAlign="Center">
								<Label text="{i18n>type}" />
								<t:template>
									<Text text="{upload>AI_TYPE}" wrapping="false" />
								</t:template>
							</t:Column>
						</t:columns>
					</t:Table>
		</content>
		<beginButton>
            <Button text="{i18n>startUpload}" type="Emphasized" iconFirst="true" width="auto" enabled="true" visible="true" iconDensityAware="false" press="onUploadStart"/>
        </beginButton>
		<endButton>
            <Button text="{i18n>cancelUpload}" type="Reject" iconFirst="true" width="auto" enabled="true" visible="true" iconDensityAware="false" press="onUploadClose"/>
        </endButton>
	</Dialog>
</core:FragmentDefinition>