<core:FragmentDefinition
	xmlns:mvc="sap.ui.core.mvc" xmlns="sap.m" xmlns:core="sap.ui.core" xmlns:si="sap.suite.ui.commons.statusindicator" xmlns:t="sap.ui.table">
	 <Dialog title="{i18n>valueHelpDialog}" contentWidth="240px" contentHeight="400px">
    	<content>
					<t:Table
						id="valueHelpDialog"
						visibleRowCount="10"
						rows="{master>/}"
						selectionMode="Single"
						selectionBehavior="RowOnly"
						cellClick="onValueHelpDialogApply"
						class="sapUiSmallMargin">
						<t:columns>
							<t:Column hAlign="Center">
								<Label text="{i18n>valueHelpKey}" />
								<t:template>
									<Text text="{master>key}" wrapping="false" />
								</t:template>
							</t:Column>
							<t:Column hAlign="Center">
								<Label text="{i18n>valueHelpText}" />
								<t:template>
									<Text text="{master>text}" wrapping="false" />
								</t:template>
							</t:Column>
						</t:columns>
					</t:Table>
		</content>
		<endButton>
            <Button text="Cancel" type="Reject" iconFirst="true" width="auto" enabled="true" visible="true" iconDensityAware="false" press="onValueHelpDialogClose"/>
        </endButton>
	</Dialog>
</core:FragmentDefinition>