<?xml version="1.0" encoding="UTF-8"?>
<project xsi:schemaLocation="http://maven.apache.org/POM/4.0.0 https://maven.apache.org/xsd/maven-4.0.0.xsd" xmlns="http://maven.apache.org/POM/4.0.0"
    xmlns:xsi="http://www.w3.org/2001/XMLSchema-instance">
  <modelVersion>4.0.0</modelVersion>
  <parent>
    <groupId>my</groupId>
    <artifactId>bookshop-parent</artifactId>
    <version>1.0.0-SNAPSHOT</version>
  </parent>
  <groupId>my</groupId>
  <artifactId>bookshop</artifactId>
  <version>1.0.0-SNAPSHOT</version>
  <name>bookshop</name>
  <dependencies>
    <dependency>
      <groupId>com.sap.cds</groupId>
      <artifactId>cds-starter-spring-boot</artifactId>
    </dependency>
    <dependency>
      <groupId>com.sap.cds</groupId>
      <artifactId>cds-adapter-odata-v4</artifactId>
      <scope>runtime</scope>
    </dependency>
    <dependency>
      <groupId>com.sap.cds</groupId>
      <artifactId>cds-starter-cloudfoundry</artifactId>
    </dependency>
    <dependency>
      <groupId>com.sap.cds</groupId>
      <artifactId>cds-feature-enterprise-messaging</artifactId>
      <scope>runtime</scope>
    </dependency>
    <dependency>
      <groupId>com.sap.cds</groupId>
      <artifactId>cds-feature-remote-odata</artifactId>
      <scope>runtime</scope>
    </dependency>
    <dependency>
      <groupId>com.sap.cloud.sdk.cloudplatform</groupId>
      <artifactId>resilience</artifactId>
    </dependency>
    <dependency>
      <groupId>com.sap.cloud.sdk.cloudplatform</groupId>
      <artifactId>scp-cf</artifactId>
    </dependency>
    <dependency>
      <groupId>org.xerial</groupId>
      <artifactId>sqlite-jdbc</artifactId>
    </dependency>
    <dependency>
      <groupId>org.springframework.boot</groupId>
      <artifactId>spring-boot-starter-test</artifactId>
      <scope>test</scope>
    </dependency>
    <dependency>
      <groupId>org.springframework.security</groupId>
      <artifactId>spring-security-test</artifactId>
      <scope>test</scope>
    </dependency>
  </dependencies>
  <build>
    <finalName>bookshop</finalName>
    <plugins>
      <plugin>
        <groupId>org.springframework.boot</groupId>
        <artifactId>spring-boot-maven-plugin</artifactId>
        <version>${spring.boot.version}</version>
        <executions>
          <execution>
            <id>repackage</id>
            <goals>
              <goal>repackage</goal>
            </goals>
            <configuration>
              <classifier>exec</classifier>
            </configuration>
          </execution>
        </executions>
        <configuration>
          <skip>false</skip>
        </configuration>
      </plugin>
      <plugin>
        <groupId>com.sap.cds</groupId>
        <artifactId>cds-maven-plugin</artifactId>
        <version>${cds.services.version}</version>
        <executions>
          <execution>
            <id>cds.clean</id>
            <goals>
              <goal>clean</goal>
            </goals>
          </execution>
          <execution>
            <id>cds.install-node</id>
            <goals>
              <goal>install-node</goal>
            </goals>
            <configuration>
              <skip>${cdsdk-global}</skip>
            </configuration>
          </execution>
          <execution>
            <id>install-cdsdk</id>
            <goals>
              <goal>install-cdsdk</goal>
            </goals>
            <configuration>
              <skip>${cdsdk-global}</skip>
            </configuration>
          </execution>
          <execution>
            <id>cds.build</id>
            <goals>
              <goal>cds</goal>
            </goals>
            <configuration>
              <commands>
                <command>build --for java-cf</command>
                <command>deploy --to sqlite --with-mocks --dry >
									${project.basedir}/src/main/resources/schema.sql</command>
              </commands>
            </configuration>
          </execution>
          <execution>
            <id>cds.generate</id>
            <goals>
              <goal>generate</goal>
            </goals>
            <configuration>
              <basePackage>cds.gen</basePackage>
            </configuration>
          </execution>
        </executions>
      </plugin>
    </plugins>
  </build>
  <profiles>
    <profile>
      <id>cdsdk-global</id>
      <properties>
        <cdsdk-global>true</cdsdk-global>
      </properties>
    </profile>
  </profiles>
</project>
