<?xml version="1.0" encoding="UTF-8"?>
<!DOCTYPE mapper PUBLIC "-//mybatis.org//DTD Mapper 3.0//EN" "http://mybatis.org/dtd/mybatis-3-mapper.dtd">
<!--
 * ... Mapper
 *
 * <pre>
 * com.totoro.member.dao.MemberDao
 *    |_ memberMapper.xml
 * 
 * </pre>
 * @date : 2019.09.15
 * @version : 1.0
 * @author : totoro
-->
<mapper namespace="com.sap.acl.diag.dao.AsmtResultDao">

	<!-- 종합 결과 조회 -->
	<select id="selectOverallComment" parameterType="java.util.Map" resultType="java.util.Map">
		SELECT 
		    AC.ASMT_YEAR,
		    AC.PERNR,
		    AC.AC_SCORE,
		    AC.AC_RANK,
		    AC.AC_PERCENT,
		    AC.MULTI_MEM_SCORE,
		    AC.MULTI_MGR_SCORE,
		    AC.MULTI_MEM_RANK,
		    AC.MULTI_MEM_PERCENT,
		    AC.KNOCKOUT,
		    (SELECT  TEXT FROM AC_CODE_CUSTOM
		        WHERE type = 'AC_GRADE' AND code = AC.AC_RANK) AS AC_RANK_TXT,
		    (SELECT text
		        FROM AC_CODE_CUSTOM
		        WHERE type = 'AC_GRADE' AND code = AC.MULTI_MEM_RANK) AS MULTI_RANK_TXT,
		    CAST(AC.MULTI_MEM_SCORE AS UNSIGNED) - CAST(AC.MULTI_MGR_SCORE AS UNSIGNED) AS MULTI_DIFF_SCORE
		FROM
		    (SELECT 
		        ASMT_YEAR,
		            PERNR,
		            MAX(IF(AI_ID = 'AI00000144', AI_RESULT, '')) AC_SCORE,
		            MAX(IF(AI_ID = 'AI00000459', AI_RESULT, '')) AC_RANK,
		            MAX(IF(AI_ID = 'AI00000465', AI_RESULT, '')) AC_PERCENT,
		            MAX(IF(AI_ID = 'AI00000234', AI_RESULT, '')) MULTI_MEM_SCORE,
		            MAX(IF(AI_ID = 'AI00000295', AI_RESULT, '')) MULTI_MGR_SCORE,
		            MAX(IF(AI_ID = 'AI00000466', AI_RESULT, '')) MULTI_MEM_RANK,
		            MAX(IF(AI_ID = 'AI00000468', AI_RESULT, '')) MULTI_MEM_PERCENT,
		            MAX(IF(AI_ID = 'AI00000339', AI_RESULT, '')) KNOCKOUT
		    FROM
		        AT_ASSESSMENT_RESULT_CALC
		    WHERE
		        ASMT_YEAR = #{year} AND PERNR = #{pernr}
		    GROUP BY ASMT_YEAR , PERNR) AC
	</select>

	<!-- 진단결과 요약 : 역량진단 커맨트 -->
	<select id="selectCompetencyResultComment" parameterType="java.util.Map" resultType="java.util.Map">
		SELECT 
		    ASMT_YEAR AsmtYear, 
		    PERNR Pernr, 
		    LV1_TEXT_KO, 
		    LV2_TEXT_KO CmntTypeTextKo, 
		    AI_RESULT Comment
		FROM AT_ASSESSMENT_RESULT_CMNT
		WHERE ASMT_YEAR = #{year}
		 AND PERNR = #{pernr}
		 AND LV1_ID = 'IT00000001'
		 AND LV2_ID IS NULL
		ORDER BY lv1_id , LV1_TEXT_KO , lv2_text_ko , lv2_id
	</select>
	
	<!-- 역량진단 대항목 결과조회 -->
	<select id="selectCompetencyResultChartDetail" parameterType="java.util.Map" resultType="java.util.Map">
		select ASMT_YEAR, 
					PERNR, 
					LV2_ID AS Class, 
					max(LV2_TEXT_KO) AS ClassTx
		 from AT_ASSESSMENT_RESULT_CALC
		 where LV1_ID = 'IT00000001' 
		     AND LV2_ID != '' 
		     AND LV3_ID != '' 
		     AND F_CALC = 'X' 
		     AND F_SE != 'X' 
		     AND ASMT_YEAR = #{year}
		     AND PERNR = #{pernr}
		 group by ASMT_YEAR, PERNR, lv2_id
		 order by lv2_id
	</select>

	<!-- 역량진단 역량군 결과조회 -->
	<select id="selectCompetencyResultChartDetail2" parameterType="java.util.Map" resultType="java.util.Map">
		SELECT 
		    emp.ASMT_YEAR Year,
		    emp.PERNR,
		    emp.LV2_ID AS Class,
		    MAX(emp.LV2_TEXT_KO) AS ClassTx,
		    emp.LV3_ID AS Item,
		    MAX(emp.LV3_TEXT_KO) AS ItemTx,
		    '' ItemDetailTx,
		    (SELECT ai_result
		        FROM AT_ASSESSMENT_RESULT_CMNT
		        WHERE pernr = emp.pernr
		          AND asmt_year = emp.asmt_year
		          AND LV3_ID = emp.lv3_id) AS Cmnt2,
		    '데스트 결과입니다.' Cmnt
		FROM
		    AT_ASSESSMENT_RESULT_CALC emp
		WHERE
		    emp.LV1_ID = 'IT00000001'
		        AND emp.LV2_ID != ''
		        AND emp.LV3_ID != ''
		        AND emp.F_CALC = 'X'
		        AND emp.F_SE != 'X'
		        AND emp.ASMT_YEAR = #{year}
		        AND emp.PERNR = #{pernr}
		GROUP BY emp.ASMT_YEAR , emp.PERNR , emp.lv2_id , EMP.LV3_id
		ORDER BY emp.lv2_id , EMP.LV3_id
	</select>

	<!-- 역량진단 역량 결과조회 -->
	<select id="selectCompetencyResultChartDetail3" parameterType="java.util.Map" resultType="java.util.Map">
		SELECT 
		    emp.ASMT_YEAR Year,
		    emp.PERNR,
		    emp.LV2_ID AS Class,
		    emp.LV2_TEXT_KO AS ClassTx,
		    emp.LV3_ID AS Item,
		    emp.LV3_TEXT_KO AS ItemTx,
		    emp.LV4_ID AS ItemDetailId,
		    IF(emp.LV4_TEXT_KO = '역량평균',
		            emp.LV3_TEXT_KO || '(평균)',
		            emp.LV4_TEXT_KO) AS ItemDetailTx,
		    emp.AI_RESULT Result2,
		    FLOOR(RAND() *4) + 1 AS Result,
		    (SELECT  ROUND(AVG(CAST(AI_RESULT AS UNSIGNED)), 2) AS AI_RESULT_COM
		        FROM AT_ASSESSMENT_RESULT_CALC
		        WHERE pernr IN (SELECT  pernr FROM AC_ASSESSEE_EMP
		                WHERE role_level = (SELECT  role_level
		                        FROM AC_ASSESSEE_EMP
		                        WHERE pernr = emp.pernr))
		                AND ai_id = emp.AI_ID
		                AND LV1_ID = EMP.LV1_ID
		                AND LV2_ID = EMP.LV2_ID
		                AND LV3_ID = EMP.LV3_ID) AI_RESULT_RV,
		    FLOOR(RAND() *4) + 1 AS ResultRv
		FROM
		    AT_ASSESSMENT_RESULT_CALC emp
		WHERE
		    emp.LV1_ID = 'IT00000001'
		        AND emp.LV2_ID != ''
		        AND emp.LV3_ID != ''
		        AND emp.F_CALC = 'X'
		        AND emp.F_SE != 'X'
		        AND emp.ASMT_YEAR = #{year}
		        AND emp.PERNR = #{pernr}
		ORDER BY emp.lv2_id , EMP.LV3_id , emp.lv4_id
	</select>

	<!-- 역량진단 그룹 전체 평균결과조회 -->
	<select id="selectCompetencyResultPerItem" parameterType="java.util.Map" resultType="java.util.Map">
		SELECT 
		    emp.ASMT_YEAR,
		    emp.PERNR,
		    emp.LV2_ID AS ClassID,
		    emp.LV2_TEXT_KO AS CLASS_TX,
		    emp.AI_RESULT AI_RESULT2,
		    FLOOR(RAND() *4) + 1 AS AI_RESULT,
		    (SELECT  ROUND(AVG(CAST(AI_RESULT AS UNSIGNED)), 2) AS AI_RESULT_COM
		        FROM AT_ASSESSMENT_RESULT_CALC
		        WHERE pernr IN (SELECT  pernr FROM AC_ASSESSEE_EMP
		                WHERE role_level = (SELECT  role_level FROM AC_ASSESSEE_EMP
		                        WHERE pernr = emp.pernr))
		                AND ai_id = emp.AI_ID) AI_RESULT_RV2,
		        FLOOR(RAND() *4) + 1 AS AI_RESULT_RV
		FROM AT_ASSESSMENT_RESULT_CALC emp
		WHERE emp.LV1_ID = 'IT00000001'
		        AND emp.LV2_ID != ''
		        AND emp.LV3_ID = ''
		        AND emp.F_SE != 'X'
		        AND emp.ASMT_YEAR = #{year}
		        AND emp.PERNR = #{pernr}
		ORDER BY emp.lv2_id , emp.lv3_id
	</select>

	<!-- 역량진단 결과조회 -->
	<select id="selectCompetencyResultPerItem2" parameterType="java.util.Map" resultType="java.util.Map">
		SELECT 
		    emp.ASMT_YEAR AS Year,
		    emp.PERNR,
		    emp.LV2_ID AS ClassID,
		    emp.LV2_TEXT_KO AS ClassTx,
		    emp.LV3_ID AS Item,
		    emp.LV3_TEXT_KO AS ItemTx,
		    emp.AI_RESULT AS Result2,
		    FLOOR(RAND() *4) + 1 AS Result,
		    (SELECT  ROUND(AVG(CAST(AI_RESULT AS UNSIGNED)), 2) AS AI_RESULT_COM
		        FROM AT_ASSESSMENT_RESULT_CALC
		        WHERE pernr IN (SELECT  pernr
		                FROM AC_ASSESSEE_EMP
		                WHERE role_level = (SELECT  role_level FROM AC_ASSESSEE_EMP
		                        WHERE pernr = emp.pernr))
		                AND ai_id = emp.AI_ID) AI_RESULT_RV,
		    FLOOR(RAND() *4) + 1 AS ResultRv
		FROM AT_ASSESSMENT_RESULT_CALC emp
		WHERE emp.LV1_ID = 'IT00000001'
		        AND emp.LV2_ID != ''
		        AND emp.LV3_ID != ''
		        AND emp.LV4_ID = ''
		        AND emp.LV5_ID = ''
		        AND emp.F_SE != 'X'
		        AND emp.ASMT_YEAR = #{year}
		        AND emp.PERNR = #{pernr}
		ORDER BY emp.lv2_id , emp.lv3_id
	</select>

	<!-- 역량진단 그룹 전체 평균결과조회 -->
	<select id="selectMultiDimensionResultPerItem" parameterType="java.util.Map" resultType="java.util.Map">
		SELECT 
		    emp.ASMT_YEAR,
		    emp.PERNR,
		    emp.LV3_ID AS CLASS_ID,
		    emp.LV3_TEXT_KO AS CLASS_TX,
		    emp.AI_RESULT,
		    (SELECT  ROUND(AVG(CAST(AI_RESULT AS UNSIGNED)), 2) AS AI_RESULT_COM
		        FROM AT_ASSESSMENT_RESULT_CALC
		        WHERE pernr IN (SELECT  pernr FROM AC_ASSESSEE_EMP
		                WHERE role_level = (SELECT  role_level FROM AC_ASSESSEE_EMP
		                        WHERE pernr = emp.pernr))
									AND ai_id = emp.AI_ID) AI_RESULT_RV2,
			FLOOR(RAND() *5) + 3 AI_RESULT_RV
		FROM AT_ASSESSMENT_RESULT_CALC emp
		WHERE emp.LV1_ID = 'IT00000000'
		        AND emp.LV2_ID = 'IT00000006'
		        AND emp.LV3_ID != ''
		        AND emp.LV4_ID = ''
		        AND emp.F_SE != 'X'
		        AND emp.ASMT_YEAR = #{year}
		        AND emp.PERNR = #{pernr}
		ORDER BY emp.lv2_id , emp.lv3_id
	</select>	
	
	<!-- 다면진단 결과조회 -->
	<select id="selectMultiDimensionResultPerItem2" parameterType="java.util.Map" resultType="java.util.Map">
		SELECT 
		    emp.ASMT_YEAR AS Year,
		    emp.PERNR,
		    emp.LV3_ID AS CLASS_ID,
		    emp.LV3_TEXT_KO AS CLASS_TX,
		    emp.LV4_ID AS Item,
		    emp.LV4_TEXT_KO AS ItemTx,
		    SUM(IF(emp.LV2_ID = 'IT00000009',
		            ROUND(CAST(AI_RESULT AS UNSIGNED), 2),
		            0)) RESULT_SELF,
		    SUM(IF(emp.LV2_ID = 'IT00000007',
		            ROUND(CAST(AI_RESULT AS UNSIGNED), 2),
		            0)) RESULT_MGR,
		    SUM(IF(emp.LV2_ID = 'IT00000006',
		            ROUND(CAST(AI_RESULT AS UNSIGNED), 2),
		            0)) RESULT_MEM,
			FLOOR(RAND() *5) + 3 AS ResultSelf,
			FLOOR(RAND() *5) + 3 AS ResultMgr,
			FLOOR(RAND() *5) + 3 AS ResultMem
		FROM
		    AT_ASSESSMENT_RESULT_CALC emp
		WHERE
		    emp.LV1_ID = 'IT00000000'
		        AND emp.LV2_ID != ''
		        AND emp.LV3_ID != ''
		        AND emp.LV4_ID != ''
		        AND emp.LV5_ID = ''
		        AND emp.F_SE != 'X'
		        AND emp.ASMT_YEAR = #{year}
		        AND emp.PERNR = #{pernr}
		GROUP BY emp.ASMT_YEAR , emp.PERNR , emp.LV3_ID , emp.LV3_TEXT_KO , emp.LV4_ID , emp.LV4_TEXT_KO
		ORDER BY emp.lv3_id , emp.lv4_id
	</select>
	
	<!-- 다면진단 그룹 부하 전체 평균결과조회 -->
	<select id="selectMultiDimensionResultoverall" parameterType="java.util.Map" resultType="java.util.Map">
		SELECT 
		    emp.ASMT_YEAR,
		    emp.PERNR,
		    emp.LV3_ID AS CLASS_ID,
		    emp.LV3_TEXT_KO AS CLASS_TX,
		    emp.AI_RESULT AI_RESULT2,
		    FLOOR(RAND() *5) + 3 AS AI_RESULT,
		    (SELECT  ROUND(AVG(CAST(AI_RESULT AS UNSIGNED)), 2) AS AI_RESULT_COM
		        FROM AT_ASSESSMENT_RESULT_CALC
		        WHERE pernr IN (SELECT  pernr FROM AC_ASSESSEE_EMP
		                WHERE role_level = (SELECT  role_level FROM AC_ASSESSEE_EMP
											WHERE pernr = emp.pernr))
		         AND ai_id = emp.AI_ID) AI_RESULT_RV2,
		    FLOOR(RAND() *5) + 3 AS AI_RESULT_RV
		FROM AT_ASSESSMENT_RESULT_CALC emp
		WHERE emp.LV1_ID = 'IT00000000'
		        AND emp.LV2_ID = 'IT00000006'
		        AND emp.LV3_ID != ''
		        AND emp.LV4_ID = ''
		        AND emp.F_SE != 'X'
		        AND emp.ASMT_YEAR = #{year}
		        AND emp.PERNR = #{pernr}
		ORDER BY emp.lv2_id , emp.lv3_id
	</select>	

	<!-- 다면진단 결과조회 -->
	<select id="selectMultiDimensionResultoverall2" parameterType="java.util.Map" resultType="java.util.Map">
		SELECT 
		    emp.ASMT_YEAR AS Year,
		    emp.PERNR,
		    emp.ai_id,
		    emp.LV2_ID,
		    emp.LV2_TEXT_KO,
		    emp.LV3_ID AS CLASS_ID,
		    emp.LV3_TEXT_KO AS CLASS_TX,
		    emp.LV4_ID AS Item,
		    emp.LV4_TEXT_KO AS ItemTx,
		    emp.AI_RESULT Result2,
		    FLOOR(RAND() *5) + 3 AS Result,
		    (SELECT  ROUND(AVG(CAST(AI_RESULT AS UNSIGNED)), 2) AS AI_RESULT_COM
		        FROM AT_ASSESSMENT_RESULT_CALC
		        WHERE pernr IN (SELECT  pernr
		                FROM AC_ASSESSEE_EMP
		                WHERE role_level = (SELECT role_level
		                        FROM AC_ASSESSEE_EMP
		                        WHERE pernr = emp.pernr))
		                AND ai_id = emp.AI_ID) AI_RESULT_RV,
		     FLOOR(RAND() *5) + 3 AS ResultRv
		FROM AT_ASSESSMENT_RESULT_CALC emp
		WHERE emp.LV1_ID = 'IT00000000'
		        AND emp.LV2_ID = 'IT00000006'
		        AND emp.LV3_ID != ''
		        AND emp.LV4_ID != ''
		        AND emp.LV5_ID = ''
		        AND emp.F_SE != 'X'
		        AND emp.ASMT_YEAR = #{year}
		        AND emp.PERNR = #{pernr}
		ORDER BY emp.lv3_id , emp.lv4_id
	</select>

	<!-- 다면진단 결과조회 -->
	<select id="selectMultiDimensionResultPerItemSort" parameterType="java.util.Map" resultType="java.util.Map">
		SELECT 
		    emp.ASMT_YEAR AS Year,
		    emp.PERNR,
		    emp.LV3_ID AS CLASS_ID,
		    emp.LV3_TEXT_KO AS ClassTx,
		    emp.LV4_ID AS Item,
		    emp.LV4_TEXT_KO AS ItemTx,
		    SUM(IF(emp.LV2_ID = 'IT00000009',
		        ROUND(CAST(AI_RESULT AS UNSIGNED), 2),
		        0)) RESULT_SELF,
		    SUM(IF(emp.LV2_ID = 'IT00000007',
		        ROUND(CAST(AI_RESULT AS UNSIGNED), 2),
		        0)) RESULT_MGR,
		    SUM(IF(emp.LV2_ID = 'IT00000006',
		        ROUND(CAST(AI_RESULT AS UNSIGNED), 2),
		        0)) RESULT_MEM,
		    1 AS ResultSelf,
		    2 AS ResultMgr,
		    3 AS ResultMem
		FROM
		    AT_ASSESSMENT_RESULT_CALC emp
		WHERE
		    emp.LV1_ID = 'IT00000000'
		        AND emp.LV2_ID != ''
		        AND emp.LV3_ID != ''
		        AND emp.LV4_ID != ''
		        AND emp.LV5_ID = ''
		        AND emp.F_SE != 'X'
		        AND emp.ASMT_YEAR = #{year}
		        AND emp.PERNR = #{pernr}
		GROUP BY emp.ASMT_YEAR , emp.PERNR , emp.LV3_ID , emp.LV3_TEXT_KO , emp.LV4_ID , emp.LV4_TEXT_KO
		ORDER BY RESULT_MEM DESC
	</select>
	
	<!-- 다면진단 종합 결과 조회 -->
	<select id="selectMultiResultComment" parameterType="java.util.Map" resultType="java.util.Map">
		select 
			ASMT_YEAR AS AsmtYear, 
			PERNR AS Pernr, 
			LV1_TEXT_KO, 
			LV2_TEXT_KO AS CmntTypeTextKo, 
			AI_RESULT AS Comment, 
			AI_ID AS AiId
		 from AT_ASSESSMENT_RESULT_CMNT 
		 where ASMT_YEAR = #{year}
		     AND PERNR = #{pernr}
		     AND LV1_ID = 'IT00000000' 
		 order by lv1_id, LV1_TEXT_KO, lv2_text_ko, lv2_id
	</select>
	
		
</mapper>
