<?xml version="1.0" encoding="UTF-8"?>
<!DOCTYPE mapper PUBLIC "-//mybatis.org//DTD Mapper 3.0//EN" "http://mybatis.org/dtd/mybatis-3-mapper.dtd">
<!--
 * ... Mapper
 *
 * <pre>
 * com.totoro.member.dao.MemberDao
 *    |_ memberMapper.xml
 * 
 * </pre>
 * @date : 2019.09.15
 * @version : 1.0
 * @author : totoro
-->
<mapper namespace="com.sap.acl.diag.dao.AbilityDao">

	<!-- list -->
	<select id="selectAttemplatefieldList" parameterType="java.util.Map" resultType="java.util.Map">
     	SELECT AI_ID, LV1_ID, LV2_ID, LV3_ID, LV4_ID, LV5_ID, LV1_TEXT_KO, LV2_TEXT_KO, LV3_TEXT_KO, LV4_TEXT_KO, LV5_TEXT_KO, F_SE, F_CALC, CALC_METHOD, AI_TYPE, AI_DEC_SIZE, CODE_TYPE, FUNC_CALL, TEMPLATE_SEQ, F_SE_AVG
     	FROM AT_TEMPLATE_FIELD
	</select>

	<!-- list -->
	<select id="selectAsmtMasterList" parameterType="java.util.Map" resultType="java.util.Map">
     	SELECT ASMT_YEAR year, 
     	ASMT_STATUS status, 
     	ASMT_CNT cnt,
     	EX_CNT exCnt, 
     	TL_CNT tlCnt
     	FROM AC_MASTER
     	ORDER BY ASMT_YEAR
	</select>

	<!-- list -->
	<select id="selectItemList" parameterType="java.util.Map" resultType="java.util.Map">
     	SELECT 	AI_ID AiId, 
     			LV1_ID Lv1Id, 
     			LV2_ID Lv2Id, 
     			LV3_ID Lv3Id, 
     			LV4_ID Lv4Id, 
     			LV5_ID Lv5Id, 
     			LV1_TEXT_KO Lv1TextKo, 
     			LV2_TEXT_KO Lv2TextKo, 
     			LV3_TEXT_KO Lv3TextKo, 
     			LV4_TEXT_KO Lv4TextKo, 
     			LV5_TEXT_KO Lv5TextKo, 
     			F_SE fSe, 
     			F_CALC fCalc, 
     			AI_SEQ AiSeq
     	FROM AC_ASSESSMENT_ITEM
	</select>

</mapper>
