<?xml version="1.0" encoding="UTF-8"?>
<!DOCTYPE mapper PUBLIC "-//mybatis.org//DTD Mapper 3.0//EN" "http://mybatis.org/dtd/mybatis-3-mapper.dtd">
<!--
 * ... Mapper
 *
 * <pre>
 * com.mirae.life.espc.dao.MemberDao
 *    |_ memberMapper.xml
 * 
 * </pre>
 * @date : 2019.09.15
 * @version : 1.0
 * @author : totoro
-->
<mapper namespace="com.mirae.life.espc.dao.MemberDao">

	<!-- include start -->
	<sql id="sqlWhereMember">
		<where>
			<if test="userId != null and userId != ''">
				AND id LIKE CONCAT('%',#{userId},'%')
			</if>
		</where>
	</sql>
	<!-- include end -->

	<!-- count -->
	<select id="selectMemberCount" parameterType="map" resultType="int">
		SELECT count(*)
		FROM member
		<include refid="sqlWhereMember"/>
	</select>

	<!-- list -->
	<select id="selectMemberList" parameterType="map" resultType="map">
     	SELECT ta.*
     	FROM (
			SELECT 
				  seq
				, id
				, addr
				, tell
				, DATE_FORMAT(regdt, '%Y-%m-%d') regdt
			FROM member
			<include refid="sqlWhereMember"/>
			ORDER BY seq desc
		) ta 
		LIMIT #{pageStart}, #{perPageNum}
	</select>

	<!-- 단건 가져오기 -->
	<select id="selectMemberDetail" parameterType="map" resultType="map">
		SELECT 
			  seq
			, id
			, addr
			, tell
			, cont
			, sex
			, money
			, birthday
			, agree
			, marriage
			, fid
			, DATE_FORMAT(regdt, '%Y-%m-%d') regdt
		FROM member
		WHERE seq = #{seq}
	</select>
	
	<!-- insert -->
	<insert id="insertMember" parameterType="map">
		INSERT INTO member (
              id
            , pw
            , addr
            , tell
            , cont
			, sex
			<if test="money != null and money != ''">, money</if>
			, birthday
			, agree
			, marriage
			, fid
            , regdt)
		VALUES (
              #{userId}
            , #{userPw}
            , #{addr}
            , #{tell}
            , #{cont}
            , #{sex}
            <if test="money != null and money != ''">, #{money}</if>
            , #{birthday}
            , #{agree}
            , #{marriage}
            , #{fid}
            , NOW())
	</insert>

	<!-- update -->
	<update id="updateMember" parameterType="map">
		UPDATE member 
		SET 
            id = #{userId} 
          , pw = #{userPw} 
          , addr = #{addr} 
          , tell = #{tell} 
          , cont = #{cont}
          , sex = #{sex}
          <if test="money != null and money != ''">, money = #{money}</if>
          , birthday = #{birthday}
          , agree = #{agree}
          , marriage = #{marriage}
          , fid = #{fid}
		WHERE seq= #{seq}
	</update>

	<!-- delete -->
	<delete id="deleteMember" parameterType="map">
		DELETE FROM member
		WHERE seq= #{seq}
	</delete>
</mapper>
