<?xml version="1.0" encoding="UTF-8"?>
<!DOCTYPE mapper PUBLIC "-//mybatis.org//DTD Mapper 3.0//EN" "http://mybatis.org/dtd/mybatis-3-mapper.dtd">
<!--
 * ... Mapper
 *
 * <pre>
 * com.ithink.meeting.dao.ConferDao
 *    |_ conferMapper.xml
 * 
 * </pre>
 * @date : 2019.09.15
 * @version : 1.0
 * @author : totoro
-->
<mapper namespace="com.totoro.member.dao.BillDao">

	<!-- include start -->
	<sql id="sqlWhereMember">
		<where>
			<if test="userId != null and userId != ''">
				AND id LIKE CONCAT('%',#{userId},'%')
			</if>
		</where>
	</sql>
	<!-- include end -->

	<select id="selectMemberCount" resultType="int">
		SELECT count(*)
		FROM member
		<include refid="sqlWhereMember"/>
	</select>

	<!-- 페이징 테스트 -->
	<select id="selectMemberList" parameterType="java.util.Map" resultType="java.util.Map">
     	SELECT ta.*
     	FROM (
			SELECT 
				  seq
				, id
				, addr
				, tell
				, DATE_FORMAT(regdt, '%Y-%m-%d') regdt
			FROM member
			<include refid="sqlWhereMember"/>
			ORDER BY seq desc
		) ta 
		LIMIT #{pageStart}, #{perPageNum}
	</select>

	<select id="selectBillSerieslist" parameterType="java.util.Map" resultType="com.totoro.member.vo.SeriesVO">
		SELECT 
			 seq
			,mb_id mbId
			,mb_pw mbPw
            ,address
		  FROM member_table 
		ORDER BY seq DESC
	</select>

	<select id="selectBillSerieslist2" resultType="java.util.Map">
		SELECT 
			 seq
			,mb_id mbId
			,mb_pw mbPw
            ,address
		  FROM member_table2 
		ORDER BY seq DESC
	</select>
	
	<insert id="insertMember1" parameterType="java.util.Map">
		insert 
		into member_table (mb_id, mb_pw, address) 
		values (#{mb_id}, #{mb_pw}, #{address})
	</insert>

	<insert id="insertMember2" parameterType="java.util.Map">
		insert 
		into member_table2 (mb_id, mb_pw, address) 
		values (#{mb_id}, #{mb_pw}, #{address})
	</insert>

	<update id="updateComment" parameterType="java.util.Map">
		update 
			abc_user_log 
		set log_comment=#{logComment} 
		where login_id= #{loginUserId, jdbcType=VARCHAR}
		and log_date = #{today}
	</update>
</mapper>
