ID;NAME;DATEOFBIRTH;PLACEOFBIRTH;DATEOFDEATH;PLACEOFDEATH
335c7bcd-b826-4f14-a788-e0bf6738617a;Emily Brontë;1818-07-30;Thornton, Yorkshire;1848-12-19;Haworth, Yorkshire
e3da2c2e-72ee-45d5-8def-52964c7b252a;Charlote Brontë;1818-04-21;Thornton, Yorkshire;1855-03-31;Haworth, Yorkshire
e7643aae-2d2f-4656-bb2d-1328ad3c8045;Edgar Allen Poe;1809-01-19;Boston, Massachusetts;1849-10-07;Baltimore, Maryland
3c081d9d-abda-4da9-8b6a-4f4555bb26bc;Richard Carpenter;1929-08-14;King’s Lynn, Norfolk;2012-02-26;Hertfordshire, England
