ID;TITLE;DESCR;AUTHOR_ID;STOCK;PRICE;CURRENCY_CODE;GENRE_ID;RATING
f846b0b9-01d4-4f6d-82a4-d79204f62278;Wuthering Heights;"Wuthering Heights, Emily Brontë's only novel, was published in 1847 under the pseudonym ""Ellis Bell"". It was written between October 1845 and June 1846. Wuthering Heights and Anne Brontë's Agnes Grey were accepted by publisher Thomas Newby before the success of their sister Charlotte's novel Jane Eyre. After Emily's death, Charlotte edited the manuscript of Wuthering Heights and arranged for the edited version to be published as a posthumous second edition in 1850.";335c7bcd-b826-4f14-a788-e0bf6738617a;12;11.11;GBP;11;4.5
9b084139-0b1e-43b6-b12a-7b3669d75f02;Jane Eyre;"Jane Eyre /ɛər/ (originally published as Jane Eyre: An Autobiography) is a novel by English writer Charlotte Brontë, published under the pen name ""Currer Bell"", on 16 October 1847, by Smith, Elder & Co. of London. The first American edition was published the following year by Harper & Brothers of New York. Primarily a bildungsroman, Jane Eyre follows the experiences of its eponymous heroine, including her growth to adulthood and her love for Mr. Rochester, the brooding master of Thornfield Hall. The novel revolutionised prose fiction in that the focus on Jane's moral and spiritual development is told through an intimate, first-person narrative, where actions and events are coloured by a psychological intensity. The book contains elements of social criticism, with a strong sense of Christian morality at its core and is considered by many to be ahead of its time because of Jane's individualistic character and how the novel approaches the topics of class, sexuality, religion and feminism.";e3da2c2e-72ee-45d5-8def-52964c7b252a;11;12.34;GBP;11;3.0
51061ce3-ddde-4d70-a2dc-6314afbcc73e;The Raven;"“The Raven"" is a narrative poem by American writer Edgar Allan Poe. First published in January 1845, the poem is often noted for its musicality, stylized language, and supernatural atmosphere. It tells of a talking raven's mysterious visit to a distraught lover, tracing the man's slow fall into madness. The lover, often identified as being a student, is lamenting the loss of his love, Lenore. Sitting on a bust of Pallas, the raven seems to further distress the protagonist with its constant repetition of the word ""Nevermore"". The poem makes use of folk, mythological, religious, and classical references.";e7643aae-2d2f-4656-bb2d-1328ad3c8045;333;13.13;USD;16;2.5
aebdfc8a-0dfa-4468-bd36-48aabd65e663;Eleonora;"""Eleonora"" is a short story by Edgar Allan Poe, first published in 1842 in Philadelphia in the literary annual The Gift. It is often regarded as somewhat autobiographical and has a relatively ""happy"" ending.";e7643aae-2d2f-4656-bb2d-1328ad3c8045;555;14;USD;16;1.0
4a519e61-3c3a-4bd9-ab12-d7e0c5329933;Catweazle;Catweazle is a British fantasy television series, starring Geoffrey Bayldon in the title role, and created by Richard Carpenter for London Weekend Television. The first series, produced and directed by Quentin Lawrence, was screened in the UK on ITV in 1970. The second series, directed by David Reid and David Lane, was shown in 1971. Each series had thirteen episodes, most but not all written by Carpenter, who also published two books based on the scripts.;3c081d9d-abda-4da9-8b6a-4f4555bb26bc;22;15;EUR;13;4.0
