ID_TEXTS;ID;locale;title;descr
f846b0b9-01d4-4f6d-82a4-d79204f62278;f846b0b9-01d4-4f6d-82a4-d79204f62278;de;Sturmhöhe;Sturmhöhe (Originaltitel: Wuthering Heights) ist der einzige Roman der englischen Schriftstellerin Emily Brontë (1818–1848). Der 1847 unter dem Pseudonym Ellis Bell veröffentlichte Roman wurde vom viktorianischen Publikum weitgehend abgelehnt, heute gilt er als ein Klassiker der britischen Romanliteratur des 19. Jahrhunderts.
f846b0b9-01d4-4f6d-82a4-d79204f62279;f846b0b9-01d4-4f6d-82a4-d79204f62278;fr;Les Hauts de Hurlevent;Les Hauts de Hurlevent (titre original : Wuthering Heights), parfois orthographié Les Hauts de Hurle-Vent, est l'unique roman d'Emily Brontë, publié pour la première fois en 1847 sous le pseudonyme d’Ellis Bell. Loin d'être un récit moralisateur, Emily Brontë achève néanmoins le roman dans une atmosphère sereine, suggérant le triomphe de la paix et du Bien sur la vengeance et le Mal.
f846b0b9-01d4-4f6d-82a4-d79204f62280;9b084139-0b1e-43b6-b12a-7b3669d75f02;de;Jane Eyre;Jane Eyre. Eine Autobiographie (Originaltitel: Jane Eyre. An Autobiography), erstmals erschienen im Jahr 1847 unter dem Pseudonym Currer Bell, ist der erste veröffentlichte Roman der britischen Autorin Charlotte Brontë und ein Klassiker der viktorianischen Romanliteratur des 19. Jahrhunderts. Der Roman erzählt in Form einer Ich-Erzählung die Lebensgeschichte von Jane Eyre (ausgesprochen /ˌdʒeɪn ˈɛə/), die nach einer schweren Kindheit eine Stelle als Gouvernante annimmt und sich in ihren Arbeitgeber verliebt, jedoch immer wieder um ihre Freiheit und Selbstbestimmung kämpfen muss. Als klein, dünn, blass, stets schlicht dunkel gekleidet und mit strengem Mittelscheitel beschrieben, gilt die Heldin des Romans Jane Eyre nicht zuletzt aufgrund der Kino- und Fernsehversionen der melodramatischen Romanvorlage als die bekannteste englische Gouvernante der Literaturgeschichte
f846b0b9-01d4-4f6d-82a4-d79204f62281;aebdfc8a-0dfa-4468-bd36-48aabd65e663;de;Eleonora;“Eleonora” ist eine Erzählung von Edgar Allan Poe. Sie wurde 1841 erstveröffentlicht. In ihr geht es um das Paradox der Treue in der Treulosigkeit.
