<?xml version="1.0" encoding="UTF-8"?>
<beans xmlns="http://www.springframework.org/schema/beans" xmlns:xsi="http://www.w3.org/2001/XMLSchema-instance"
	xmlns:tx="http://www.springframework.org/schema/tx"
	xmlns:aop="http://www.springframework.org/schema/aop"
	xsi:schemaLocation="http://www.springframework.org/schema/beans http://www.springframework.org/schema/beans/spring-beans.xsd
    	http://www.springframework.org/schema/tx http://www.springframework.org/schema/tx/spring-tx.xsd
    	http://www.springframework.org/schema/aop http://www.springframework.org/schema/aop/spring-aop.xsd">

	<!-- 트랜잭션 매니저 bean 을 등록합니다. -->
	<bean id="transactionManager"
		class="org.springframework.jdbc.datasource.DataSourceTransactionManager">
		<property name="dataSource" ref="dataSource" />
	</bean> 
	<!-- 아노테이션 기반의 트랜잭션을 사용합니다. -->
	<tx:annotation-driven transaction-manager="transactionManager" />
	
<!-- 		<bean id="transactionManager"
			class="org.springframework.jdbc.datasource.DataSourceTransactionManager">
			<property name="dataSource" ref="dataSource" />
		</bean>

		<bean id="transactionTemplate"
			class="org.springframework.transaction.support.TransactionTemplate">
			<property name="transactionManager" ref="transactionManager" />
		</bean> -->

	<!-- 트랜잭션 매니저 bean 을 등록합니다. -->
<!-- 	<bean id="transactionManager"
		class="org.springframework.jdbc.datasource.DataSourceTransactionManager">
		<property name="dataSource" ref="dataSource" />
	</bean>  -->
	<!-- 아노테이션 기반의 트랜잭션을 사용합니다. -->
	<!-- <tx:annotation-driven transaction-manager="transactionManager" proxy-target-class="true" /> -->

<!--  	<bean id="txManager" class="org.springframework.jdbc.datasource.DataSourceTransactionManager">
		<property name="dataSource" ref="dataSource"/>
	</bean>

	<tx:advice id="txAdvice" transaction-manager="txManager">
		<tx:attributes>
			<tx:method name="*" rollback-for="Exception"/>
		</tx:attributes>
	</tx:advice>

	<aop:config>
		<aop:pointcut id="requiredTx" expression="execution(* com.ithink.meeting..impl.*Impl.*(..))"/>
		<aop:advisor advice-ref="txAdvice" pointcut-ref="requiredTx" />
	</aop:config>  -->

<!-- 	<bean id="transactionManager" class="org.springframework.jdbc.datasource.DataSourceTransactionManager">
		<property name="dataSource" ref="dataSource" />
	</bean>

	<bean id="transactionTemplate" class="org.springframework.transaction.support.TransactionTemplate">
		<property name="transactionManager" ref="transactionManager" />
	</bean> -->

</beans>
