<?xml version="1.0" encoding="UTF-8"?>
<beans xmlns="http://www.springframework.org/schema/beans" xmlns:xsi="http://www.w3.org/2001/XMLSchema-instance"
	xmlns:jdbc="http://www.springframework.org/schema/jdbc"
	xsi:schemaLocation="http://www.springframework.org/schema/beans http://www.springframework.org/schema/beans/spring-beans.xsd
        http://www.springframework.org/schema/jdbc  http://www.springframework.org/schema/jdbc/spring-jdbc.xsd">
    
<!--  	<bean id="dataSource" class="org.springframework.jdbc.datasource.DriverManagerDataSource">
		<property name="driverClassName" value="com.mysql.cj.jdbc.Driver"></property>
		<property name="url" value="jdbc:mysql://localhost:3306/totoroDB?useUnicode=true&amp;characterEncoding=euc-kr&amp;useSSL=false&amp;serverTimezone=UTC"></property>
		<property name="username" value="totoro"></property>
		<property name="password" value="4480328"></property>
	</bean> -->

<!--  	<bean id="dataSource" class="org.springframework.jdbc.datasource.DriverManagerDataSource">
		<property name="driverClassName" value="net.sf.log4jdbc.sql.jdbcapi.DriverSpy"></property>
		<property name="url" value="jdbc:log4jdbc:mysql://localhost:3306/totoroDB?useUnicode=true&amp;characterEncoding=euc-kr&amp;useSSL=false&amp;serverTimezone=UTC"></property>
		<property name="username" value="totoro"></property>
		<property name="password" value="4480328"></property>
	</bean>
 -->		
 	<bean id="dataSource" class="org.springframework.jdbc.datasource.DriverManagerDataSource">
		<property name="driverClassName" value="${db.driver}"></property>
		<property name="url" value="${db.url}"></property>
		<property name="username" value="${db.username}"></property>
		<property name="password" value="${db.password}"></property>
	</bean>
	
</beans>
