<?xml version="1.0" encoding="UTF-8"?>
<beans xmlns="http://www.springframework.org/schema/beans" xmlns:xsi="http://www.w3.org/2001/XMLSchema-instance"
		xmlns:p="http://www.springframework.org/schema/p" xmlns:context="http://www.springframework.org/schema/context"
		xmlns:util="http://www.springframework.org/schema/util"
		xsi:schemaLocation="http://www.springframework.org/schema/beans http://www.springframework.org/schema/beans/spring-beans.xsd
				http://www.springframework.org/schema/context http://www.springframework.org/schema/context/spring-context.xsd
				http://www.springframework.org/schema/util http://www.springframework.org/schema/util/spring-util.xsd">
	
	<context:component-scan base-package="com.mirae.life">
		<context:exclude-filter type="annotation" expression="org.springframework.stereotype.Controller"/>
	</context:component-scan>

	<context:property-placeholder location="classpath:/config/property/common.properties"/>
	<util:properties id="common" location="classpath:/config/property/common.properties" />

	<!-- Message Source-->    
	<bean id="messageSource" class="org.springframework.context.support.ReloadableResourceBundleMessageSource">
		<property name="basenames">
			<list>
				<value>classpath:/config/message/message-common</value>
			</list>
		</property>
		<property name="cacheSeconds">
			<value>60</value>
		</property>
	</bean>

	
</beans>
