<?xml version="1.0" encoding="UTF-8"?>
<beans xmlns="http://www.springframework.org/schema/beans" xmlns:xsi="http://www.w3.org/2001/XMLSchema-instance"
	xsi:schemaLocation="http://www.springframework.org/schema/beans http://www.springframework.org/schema/beans/spring-beans.xsd">

	<!-- SqlSession setup for MyBatis Database Layer -->
<!-- 	<bean id="sqlSession" class="org.mybatis.spring.SqlSessionFactoryBean">
		<property name="dataSource" ref="dataSource" />
		<property name="configLocation" value="classpath:/egovframework/sqlmap/sql-mapper-config.xml" />
		<property name="mapperLocations" value="classpath:/egovframework/sqlmap/meeting/*.xml" />
	</bean>
 -->
	<!-- MapperConfigurer setup for MyBatis Database Layer with @Mapper("deptMapper") in DeptMapper Interface -->
<!--  	<bean class="egovframework.rte.psl.dataaccess.mapper.MapperConfigurer">
		<property name="basePackage" value="com.ithink" />
	</bean>
 -->

	<!-- SqlSession -->
	<bean id="sqlSession" class="org.mybatis.spring.SqlSessionFactoryBean">
		<property name="dataSource" ref="dataSource" /> 
		<!-- MyBatis 설정 파일의 위치를 지정합니다. -->
		<property name="configLocation" value="classpath:/sqlmap/sql-mapper-config.xml" /> 
		<!-- SQL 파일의 위치를 지정합니다. -->
		<property name="mapperLocations" value="classpath:/sqlmap/meeting/**/*.xml" />
	</bean> 
	<!-- SqlSession -->
<!-- 	<bean id="sqlSession" class="org.mybatis.spring.SqlSessionTemplate" destroy-method="clearCache">
		<constructor-arg name="sqlSessionFactory" ref="sqlSessionFactory" />
	</bean> -->

	<!-- 지정된 베이스 패키지에서 DAO(Mapper) 를 검색하여 등록합니다. -->
	<bean class="org.mybatis.spring.mapper.MapperScannerConfigurer">
		<property name="basePackage" value="com.mirae.life.**.dao" />
		<!-- <property name="basePackage" value="com.ithink.meeting.dao" /> -->
	</bean>

     
</beans>